﻿{
   "entries": {

    "Tue8": "Сюзетта, моя самая храбрая кукла, учится владеть мечом.#$b#Она будет воином, как и Мистер Марлон!",
    "summer_Thu8": "Мистер Марлон собирается научить меня обращаться с мечом, чтобы я могла сражаться с монстрами в темноте. Так же, как и он сам!",
    "fall_26": "Мистер Марлон приходил вчера вечером и рассказывал истории о пустоте.#$e#Я не испугалась, а вот тётя Марни испугалась! Она заставила его остаться допоздна, чтобы ей не было страшно.$1",
    "winter_Mon8": "Тётя Марни всегда казалась немного грустной, когда играла с мистером Льюисом.#$e#Теперь она гораздо счастливее, тебе не кажется? Зачем дружить с тем, кто делает тебя несчастным?$3",
    "winter_Sat10": "Когда мистер Марлон приходит, тётя Марни улыбается ещё шире. По-моему, он ей действительно нравится.$3#$e#Он мне тоже нравится! Он рассказывает захватывающие истории и много знает о Джунимо.$1",
    "fall_Tue8": "Мистер Марлон сказал, что птица выклевала ему глаз, а потом проглотила его! И теперь он видит то, что видит птица.#$e#Но я думаю, что он всё это выдумал. Ведь если птица проглотит твой глаз, ты сможешь увидеть только то, что находится в её животике!$1",
    "fall_Wed10": "Раньше я боялась монстров в темноте.$2#$e#Но я больше не боюсь, потому что есть воины, такие как мистер Марлон, которые охраняют нас.$4"
    
     }
}