﻿ {
    "Entries": {
    "spring_Sat": "Марни верит, что у нас с ней есть отношения. Разве это не смешно?#$b#Наверное, некоторые женщины действительно готовы на всё ради внимания.",
    "spring_23": "Наблюдая за танцами молодёжи, действительно начинаешь понимать, чего тебе не хватает.#$b#O, извини @, Наверное, на старости лет я становлюсь сентиментальным.",
    "fall_9": "Итак, что ты собираешься делать сегодня вечером, @? Я? Наверное, я буду наслаждаться спокойной ночью дома. Один.$s",
    "spring_Sat6": "Любил ли я её когда-нибудь по-настоящему? Конечно же, нет$3#$b#Конечно же, нет...$2",
    "summer_Fri6": "Что я сделал для этого города, спрашиваешь? Ну, много чего...#$b#Вон там... хм... хорошо... Разве тебе не надо работать?$3",
    "summer_Tue8": "Ах, такие долгие летние ночи призывают к свиданиям при лунном свете... Думаю, это было весело, пока это продолжалось.",
    "fall_Fri6": "Марни, кажется, начинает очень хорошо ладить с Марлоном, тебе не кажется?#$e#Только не говори глупостей, @. Я вовсе не ревную. Правда!$3",
    "winter_Sun6": "Привет, @! Что ты сегодня делаешь?#$e#Если увидишь Марни, передай ей от меня привет. Я скучаю по ней.$2",
    "winter_Sat8": "Когда-нибудь сожалел о принятых решениях, @?^Когда-нибудь сожалела о принятых решениях, @?#$e#Я позволил своему положению ударить мне в голову... Что ж, теперь все смеются надо мной за спиной.$3"
     }
 }
