﻿{
   "entries": {
 
    "Mon10": "Спасибо, что навещаешь меня, @. Моё сердце болит, но всё же становится легче.", 
    "Wed10": "Джас сочинила рассказ о 'счастливых яблоках'.#$e#Марлон говорит, что они называются 'Джунимо' и только особенные люди могут их видеть.#$e#Наверное, я недостаточно особенная.$2",
    "Thu10": "Вчера опять заходил Льюис. Мне кажется, я ещё не готова с ним разговаривать.$2",
    "Fri10": "Пожалуй, я пойду сегодня в салун. Хотя я бы предпочла остаться дома и посмотреть кино.$3#$e#С кем именно? Ну конечно же, Джас!$1",
    "Sun10": "Джас и Шейн экспериментируют на кухне. Они называют это 'сюрпризом чилли'.$1#$e#Мне кажется, что единственным сюрпризом будет тот беспорядок, который мне потом придётся убирать.$2",
    "spring_Tue10": "Сегодня утром Марлон показал мне гнездо колибри в лесу. Джас бы это понравилось!$1#$e#Oх, @, перестань дразниться! Мы же просто друзья!$1",
    "spring_Fri10": "Неужели тебе не нравится ощущение весны, @?#$b#Кругом всё так свежо и ново, это время новых начинаний и надежд.",
    "spring_Sat10": "Сегодня такой чудесный день, что мне просто стыдно сидеть за своим столом.#$e#Надеюсь, ты не станешь возражать, @!",
    "summer_Mon10": "Кажется, сегодня хороший день для пляжа, но у меня даже нет купальника!",
    "summer_Tue10": "Марлон пригласил нас с Джас пойти посмотреть фильм 'Вумбус'. Джас, кажется, действительно любит его.#$e#What do you think, @? ",
    "summer_Thu10": "Джас попросила Марлона научить её обращаться с мечом.$3#$b#Не думаю, что мне следует поощрять такое поведение.$2",
    "summer_Fri10": "Лея пытается научить меня рисовать. У меня это не очень хорошо получается.#$b#Шейн увидел рисунок нашего гуся и спросил, не жираф ли это.$2.",
    "summer_Sat10": "Я взяла из библиотеки стопку романсов.#$b#Я знаю, что они простые, но есть что-то такое успокаивающее в счастливом конце.",
    "summer_Sun10": "Иногда @, у меня такое чувство, что ты делаешь для этого города больше, чем когда-либо удавалось Льюису.#$b#Тебе никогда не приходило в голову баллотироваться в мэры? Я бы отдала тебе свой голос!$1",
    "fall_26": "Джас каким-то образом убедила Марлона рассказать ей сказку о пустоте в подготовке ко Дню всех духов.$3#$b#От этого у меня по спине побежали мурашки. У меня действительно есть повод для беспокойства, если это то, против чего он борется.$2",
    "fall_Mon10": "Что делает чудовище чудовищным? Именно это я и обсуждала с Марлоном.#$b#Я имею в виду, что Эбони коснулась пустоты, но она не злая, просто упрямая!",
    "fall_Wed10": "Вчера Марлон познакомился с сумасшедшим гусем. Скажем так, я уверена, что с этого момента он будет вести себя лучше.$3#$b#Я имела в виду, что гусь будет лучше себя вести, @!$1",
    "fall_Sat10": "@, у меня в волосах застряли листья? Я не могу себе представить, как они туда попали.$1",
    "winter_Mon10": "На горе, должно быть, ужасно холодно и одиноко.#$b#Я отнесу немного выпечки Марлону и Гилу. Они любят домашнюю кухню.",
   "winter_Tue10": "В такие дни гораздо труднее найти мотивацию, чтобы выйти из дома.#$b#Но как я смогу следить за последними сплетнями?$1#$b#И как ещё мне избежать этих сплетен?$3",
   "winter_Wed10": "Я хочу, чтобы Джас перестала спрашивать Марлона, как он потерял глаз. Это невежливо - быть любопытной.#$b#Впрочем, надо отдать ему должное, он воспринимает это с добрым юмором - и никогда не даёт один и тот же ответ дважды.",
   "winter_Thu10": "Я рада, что между мной и Льюисом все кончено, но эти холодные зимние ночи могут быть ужасно одинокими.#$b#Что ж, наверное, всегда найдётся книга, чтобы составить мне компанию!",
   "winter_Fri10": "Лея - очень милая девушка. Мне интересно, поладила бы она с Шейном...#$b#O @, я не занимаюсь сватовством, просто размышляю.$1",
   "winter_Sun10": "Когда ночи такие длинные, а дни тёмные и холодные...#$b#Я чувствую, что пустота совсем рядом. Мне не терпится увидеть весну.",
   "Saloon_Fri": "Эй @, что ты думаешь о том, чтобы мы открыли местную галерею ремесел?#$b#Будут скульптура Леи, плотницкие работы Робин и моё искусныё сыр... я уверена, что это может стать настоящим аттракционом!",
   
   
}
    }
    