{	
	"rain": "610 Museum2 18 13 0/930 Museum2 12 14 2 Jasper_Exercise \"Strings\\schedules\\Jasper:008\"/1200 ArchaeologyHouse 13 9 0/1500 ArchaeologyHouse 13 9 2 Jasper_Read/1800 Museum2 16 4 0/2000 Museum2 18 4 2 jasper_sleep",
	"marriage_Mon":	"800 Town 46 32 2 Jasper_Read \"Strings\\schedules\\Jasper:marriage_To1\"/1200 Beach 45 22 2 \"Strings\\schedules\\Jasper:marriage_Be1\"/1600 ArchaeologyHouse 2 10 0 \"Strings\\schedules\\Jasper:marriage_AH1\"/2030 BusStop -1 23 3",
	"marriage_Wed": "MAIL Jasper_Penny/GOTO marriage_Wed_NoTute/800 ArchaeologyHouse 18 9 2 \"Strings\\schedules\\Jasper:marriage_AM1\"/1400 Forest 75 50 2 \"Strings\\schedules\\Jasper:marriage_For3\"/1930 BusStop -1 23 3",
	"marriage_Wed_NoTute": "900 Forest 75 50 2 \"Strings\\schedules\\Jasper:marriage_For2\"/1430 ArchaeologyHouse 4 10 0 \"Strings\\schedules\\Jasper:marriage_AH2\"/2030 BusStop -1 23 3",	
	"marriage_Fri": "MAIL Dwarf_Friend/GOTO marriage_Fri_NoDwarf/800 Town 46 32 \"Strings\\schedules\\Jasper:marriage_To4\"/1100 Mountain 43 7 1/1300 Mine 42 7 1 \"Strings\\schedules\\Jasper:marriage_Dw1\"/1800 BusStop -1 23 3",
	"marriage_Fri_NoDwarf": "800 Town 50 22 \"Strings\\schedules\\Jasper:marriage_To5\"/1000 Mountain 43 7 1/1300 AdventureGuild 7 12 3 \"Strings\\schedules\\Jasper:marriage_Adv1\"/1800 BusStop -1 23 3",
	"winter_17":  "610 Museum2 18 13 0/930 ArchaeologyHouse 18 12 2 Jasper_Read/1100 Town 77 45 3/1600 Beach 38 24 2 \"Strings\\schedules\\Jasper:winter_17.000\"/2330 Museum2 12 14 2",
	"winter_Mon": "610 Museum2 18 13 0/930 Museum2 12 14 2 Jasper_Exercise \"Strings\\schedules\\Jasper:013\"/1100 Museum2 9 14 0 \"Strings\\schedules\\Jasper:014\"/1300 Museum2 5 17 0 \"Strings\\schedules\\Jasper:014\"/1530 ArchaeologyHouse 13 9 2 Jasper_Read",
	"winter_Wed":  "MAIL Jasper_Penny/GOTO winter_Wed_NoTute/610 Museum2 18 13 0/900 ArchaeologyHouse 18 9 2 \"Strings\\schedules\\Jasper:015\"/1400 Town 32 78 1/1630 Museum2 18 13 0/1830 Museum2 12 13 2 Jasper_Read",
	"winter_Wed_NoTute": "610 Museum2 18 13 0/930 Museum2 12 14 2 Jasper_Exercise \"Strings\\schedules\\Jasper:010\"/1130 ArchaeologyHouse 13 9 2 Jasper_Read/1300 JojaMart 2 14 1/1430 JojaMart 8 7 0/1500 JojaMart 13 17 3/1600 Town 97 16 3/1830 Museum2 12 13 2 Jasper_Read",
    "winter_Thu": "610 Museum2 18 13 0/930 ArchaeologyHouse 18 12 2 Jasper_Read/1200 Town 46 32 2/1530 ArchaeologyHouse 13 9 0 \"Strings\\schedules\\Jasper:012\"/1830 Museum2 12 14 2 Jasper_Exercise \"Strings\\schedules\\Jasper:008\"/2000 Museum2 18 4 2 jasper_sleep",
  	"Mon": "610 Museum2 18 13 0/930 Museum2 12 13 2 Jasper_Read/1100 Forest 74 49 2/1400 Forest 21 30 1/1630 Museum2 12 13 2 Jasper_Read",
	"Wed": "MAIL Jasper_Penny/GOTO Wed_noTute/610 Museum2 18 13 0/900 ArchaeologyHouse 18 9 2 \"Strings\\schedules\\Jasper:015\"/1400 Town 32 78 1/1630 Museum2 18 13 0/1830 Museum2 12 13 2 Jasper_Read",
	"Wed_noTute": "610 Museum2 18 13 0/930 Museum2 12 14 2 Jasper_Exercise \"Strings\\schedules\\Jasper:009\"/1100 Town 32 78 1/1400 ArchaeologyHouse 13 9 2 Jasper_Read/1630 Museum2 18 13 0/1830 Museum2 12 13 2 Jasper_Read",
	"Tue": "610 Museum2 18 13 0/930 Museum2 12 14 2 Jasper_Exercise \"Strings\\schedules\\Jasper:010\"/1130 ArchaeologyHouse 13 9 2 Jasper_Read/1300 JojaMart 2 14 1/1430 JojaMart 8 7 0/1500 JojaMart 13 17 3/1600 Town 97 16 3/1830 Museum2 12 13 2 Jasper_Read",
	"JojaMart_Replacement": "SeedShop 9 27 1",
	"Thu": "610 Museum2 18 13 0/930 ArchaeologyHouse 18 12 2 Jasper_Read/1100 Town 46 32 2 Jasper_Read/1830 Museum2 12 14 2 Jasper_Exercise \"Strings\\schedules\\Jasper:008\"/2000 Museum2 18 4 2 jasper_sleep",
	"Fri": "610 Museum2 18 13 0/930 Museum2 12 14 2 Jasper_Exercise \"Strings\\schedules\\Jasper:011\"/1000 Town 88 100 2 Jasper_read/1200 Town 50 22 0/1830 Museum2 12 14 2 Jasper_Read",
	"Sat": "610 Museum2 18 13 0/700 Museum2 21 14 3/930 Museum2 12 14 2 Jasper_Exercise \"Strings\\schedules\\Jasper:008\"/1100 Beach 45 22 2/1730 ArchaeologyHouse 22 4 2",
	"Sun": "610 Museum2 18 13 0/1100 Forest 70 50 2 \"Strings\\schedules\\Jasper:000\"/1400 Forest 21 30 1/1730 ArchaeologyHouse 22 4 2",
	"spring": "610 Museum2 18 13 0/930 Museum2 12 13 2 Jasper_Read/1100 Forest 74 49 2/1400 Forest 21 30 1/1630 Museum2 12 13 2 Jasper_Read"
	
}