{
"Introduction":"Hello. You must be the new farmer? You certainly look the part!#$b#My name is Aideen. If you need any advice on the local flora, please do let me know.",
"Resort_Entering": "What an absolutely splendid place!$1",
  "Resort_Leaving": "%Aideen carefully tucks a small wrapped package into her pocket.#$b#These? They are samples of the local flora.",
  "Resort_Shore": "These seashells... they are divine!#$b#I could incorporate them into my work, do you not think?",
  "Resort_Umbrella": "It is good to take a break from the sun. I would not wish to get burned.$2",
  "Resort_Wander": "I do wish to explore... but Willy has cautioned us not to stray too far from the resort.#$b#A pity, for I'm sure this place must be a-bloom with exotic flowers.",
  "Resort_Bar": "Please, @, join me for a drink.#$b#What am I drinking? It's called a Pink Lady.$1",
  "Resort": "It is nice to take a break away from the valley, every once in a while.",
"Mon":"It is so peaceful here, in East Scarpe, away from those rowdy youths.#$b#Here there is naught but birdsong and the ocean.",
"Tue":"Oh hello! Marvelous weather, don't you think?#$b#A fabulous day for reading in the garden, sheltered by the wonderful scent of rose and lavender.",
"Wed":"Sorry if I seem short tempered. My latest delivery arrived... and the poor lillies were crushed!$2#$b#I may be able to salvage them... but oh, I do wish they would handle my precious cargo with more care!",
"Thu":"Ah, hello @. You're looking very... rural today.#$b#What is that fragrance you are wearing? Eau de terra? It's... unique.",
"Fri":"The saloon? The stench of beer, and too many people in close confines... you'd never catch me in there!#$b#No, my idea of a pleasant night is gazing at the stars. Or watching the sun set over the ocean.",
"Sat":"My neighbors? Dr Jacob is polite but a little reserved, and Eloise... she's so full of questions.",
"Sun":"That appalling fish hawker tried to sell me some of his wares when I went to town the other day!#$b#I couldn't bear that awful smell for even a moment and positively fled in horror.",








}