{
    "Format": "1.18.0",
    "ConfigSchema": {
        "Parent": {
            "AllowValues": "jasper", //Other spouses to come, eventually. Maybe... Abigail, Emily, Haley, Leah, Maru, Penny, Alex, Elliott, Harvey, Sam, Sebastian, Shane, Custom
            "Default": "jasper"
        },
        "CustomSprites": { //if you'd rather use Lumisterias or any other mod for your sprites, set this to 'false'
            "AllowValues": "true, false",
            "Default": "true"
        },
        "loadData": { //ONLY set this to false if you receive a message saying two mods had tried to load the same file (Characters/schedules/YourKidsName or Characters/Dialogue/YourKidsName)
            "AllowValues": "true, false",
            "Default": "true"
        },
        "CommunityCenterSchool": { //Set this to false if you have set the Community Center mod school schedule to 'false'. If you do not have the mod installed, this config will not have any effect
            "AllowValues": "true, false",
            "Default": "true"
        }
    },
    "DynamicTokens": [
        { //Either uses ingame coding if possible, or replaces with C2N tokens)
            "Name": "kidName1",
            "Value": "%kid1"
        },
        {
            "Name": "kidName1",
            "Value": "{{Loe2run.ChildToNPC/FirstChildName}}",
            "When": {
                "HasSeenEvent": "5599200"
            }
        },
        {
            "Name": "kidName2",
            "Value": "the baby"
        },
        {
            "Name": "kidName2",
            "Value": "%kid1",
            "When": {
                "HasSeenEvent": "5599200"
            }
        },
        {
            "Name": "kidName2",
            "Value": "{{Loe2run.ChildToNPC/SecondChildName}}",
            "When": {
                "HasSeenEvent": "5599300"
            }
        },
        { //changes the child's dialogue and demeanour when you determine their personality
            "Name": "kid1_trait",
            "Value": "neutral"
        },
        {
            "Name": "kid1_trait",
            "Value": "sensitive",
            "When": {
                "HasDialogueAnswer": "5599201"
            }
        },
        {
            "Name": "kid1_trait",
            "Value": "determined",
            "When": {
                "HasDialogueAnswer": "5599202"
            }
        },
        {
            "Name": "kid1_trait",
            "Value": "serious",
            "When": {
                "HasDialogueAnswer": "5599203"
            }
        },
        {
            "Name": "kid1_trait",
            "Value": "fun",
            "When": {
                "HasDialogueAnswer": "5599204"
            }
        },
        {
            "Name": "kid2_trait",
            "Value": "neutral"
        },
        {
            "Name": "kid2_trait",
            "Value": "sensitive",
            "When": {
                "HasDialogueAnswer": "5599301"
            }
        },
        {
            "Name": "kid2_trait",
            "Value": "determined",
            "When": {
                "HasDialogueAnswer": "5599302"
            }
        },
        {
            "Name": "kid2_trait",
            "Value": "serious",
            "When": {
                "HasDialogueAnswer": "5599303"
            }
        },
        {
            "Name": "kid2_trait",
            "Value": "fun",
            "When": {
                "HasDialogueAnswer": "5599304"
            }
        }
    ],
    "Changes": [
        /*****************
        First Child
        ******************/
        {
            "LogName": "FirstChild Dispositions",
            "Action": "EditData",
            "Target": "Data/NPCDispositions",
            "Entries": {
                "{{Loe2run.ChildToNPC/FirstChildName}}": "child/neutral/neutral/neutral/{{Loe2run.ChildToNPC/FirstChildGender}}/non-datable/null/Town/{{Loe2run.ChildToNPC/FirstChildBirthday}}/Jas 'friend' Vincent 'friend'/{{Loe2run.ChildToNPC/FirstChildBed}}/{{Loe2run.ChildToNPC/FirstChildName}}"
            },
            "When": {
                "Spouse": "Jasper"
            }
        },
        {
            "LogName": "FirstChild Gift Tastes",
            "Action": "EditData",
            "Target": "Data/NPCGiftTastes",
            "Entries": {
                "{{Loe2run.ChildToNPC/FirstChildName}}": "{{i18n:gift.{{parent}}.{{kid1_trait}}.love}}/223 206 211 577 597 107 279 123 233/{{i18n:gift.{{parent}}.{{kid1_trait}}.like}}/203 224 213 232 234 221 220 -80 -79 392 119 124 188 192/{{i18n:gift.{{parent}}.{{kid1_trait}}.dislike}}/-8 -4 -22 -28 -19 209 -75 -81 200 800/{{i18n:gift.{{parent}}.{{kid1_trait}}.hate}}/342 397 226 205 346 348 303 304 445 459 257 202 265/{{i18n:gift.{{parent}}.{{kid1_trait}}.neutral}}/408 18 22 283 -5 -2/"
            },
            "When": {
                "Spouse": "Jasper",
                "Loe2run.ChildToNPC/NumberTotalChildren": "1, 2, 3, 4"
            }
        },
        { //Loads generic Dialogue if Babysitter Not Installed
            "LogName": "FirstChild Dialogue",
            "Action": "Load",
            "Target": "Characters/Dialogue/{{Loe2run.ChildToNPC/FirstChildName}}",
            "FromFile": "assets/Dialogue.json",
            "When": {
                "HasMod |contains=rowanexer.Babysitter, xiddav.NPCSVEKIDSNPC": false,
                "loadData": true,
                "Spouse": "Jasper"
            }
        },
        { //Adds Jasper specific dialogue (currently just the generic again but at a higher heart level)
            "LogName": "FirstChild Dialogue",
            "Action": "Include",
            "Target": "Characters/Dialogue/{{Loe2run.ChildToNPC/FirstChildName}}",
            "FromFile": "assets/{{parent}}/Dialogue/Kid1.json",
            "When": {
                "Spouse": "Jasper"
            }
        },
        {
            "LogName": "FirstChild sprites",
            "Action": "Load",
            "Target": "Characters/{{Loe2run.ChildToNPC/FirstChildName}}",
            "FromFile": "assets/{{parent}}/Characters/{{Loe2run.ChildToNPC/FirstChildGender}}_nightwear.png",
            "When": {
                "CustomSprites": true,
                "HasMod |contains=rowanexer.Babysitter, xiddav.NPCSVEKIDSNPC": false,
                "Spouse": "Jasper"
            }
        },
        {
            "LogName": "FirstChild portraits",
            "Action": "Load",
            "Target": "Portraits/{{Loe2run.ChildToNPC/FirstChildName}}",
            "FromFile": "assets/{{parent}}/Portraits/{{Loe2run.ChildToNPC/FirstChildGender}}_nightwear.png",
            "When": {
                "CustomSprites": true,
                "HasMod |contains=rowanexer.Babysitter, xiddav.NPCSVEKIDSNPC": false,
                "Spouse": "Jasper"
            }
        },
        {
            "LogName": "FirstChild sprites",
            "Action": "EditImage",
            "Target": "Characters/{{Loe2run.ChildToNPC/FirstChildName}}",
            "FromFile": "assets/{{parent}}/Characters/{{Loe2run.ChildToNPC/FirstChildGender}}_nightwear.png",
            "When": {
                "CustomSprites": true,
                "Spouse": "Jasper"
            }
        },
        {
            "LogName": "FirstChild portraits",
            "Action": "EditImage",
            "Target": "Portraits/{{Loe2run.ChildToNPC/FirstChildName}}",
            "FromFile": "assets/{{parent}}/Portraits/{{Loe2run.ChildToNPC/FirstChildGender}}_nightwear.png",
            "When": {
                "CustomSprites": true,
                "Spouse": "Jasper"
            }
        },
        {
            "LogName": "FirstChild sprites",
            "Action": "EditImage",
            "Target": "Characters/{{Loe2run.ChildToNPC/FirstChildName}}",
            "FromFile": "assets/{{parent}}/Characters/{{Loe2run.ChildToNPC/FirstChildGender}}_{{season}}.png",
            "Update": "OnLocationChange",
            "When": {
                "CustomSprites": true,
                "LocationName |contains=Farmhouse": false,
                "Spouse": "Jasper"
            }
        },
        {
            "LogName": "FirstChild portraits",
            "Action": "EditImage",
            "Target": "Portraits/{{Loe2run.ChildToNPC/FirstChildName}}",
            "FromFile": "assets/{{parent}}/Portraits/{{Loe2run.ChildToNPC/FirstChildGender}}_{{season}}.png",
            "Update": "OnLocationChange",
            "When": {
                "CustomSprites": true,
                "LocationName |contains=Farmhouse": false,
                "Spouse": "Jasper"
            }
        },
        { //write generic schedule at some point
            "LogName": "FirstChild schedules",
            "Action": "Load",
            "Target": "Characters/schedules/{{Loe2run.ChildToNPC/FirstChildName}}",
            "FromFile": "assets/schedule.json",
            "When": {
                "HasMod |contains=rowanexer.Babysitter, xiddav.NPCSVEKIDSNPC": false,
                "loadData": true,
                "Spouse": "Jasper"
            }
        },
        {
            "LogName": "FirstChild schedules",
            "Action": "Include",
            "FromFile": "assets/{{parent}}/Characters/schedules/kid1.json",
            "When": {
                "Spouse": "Jasper"
            }
        },
        {
            "LogName": "Child Animations",
            "Action": "EditData",
            "Target": "Data/animationdescriptions",
            "Entries": {
                "child_sit": "20 21/22/21 20"
            }
        },
        /*{
            "LogName": "FirstChild schedules dialogue",
            "Action": "Load",
            "Target": "Strings/schedules/{{Loe2run.ChildToNPC/FirstChildName}}",
            "FromFile": "assets/{{parent}}/Data/strings_schedules.json"
        },*/
        {
            "LogName": "Schedule Dialogue",
            "Action": "EditData",
            "Target": "Strings/schedules/Jasper",
            "Entries": {
                //Kid's strings
                "kid1_To1": "Love snow!",
                "kid1_Ar1": "Mr Gunther! Want book, please.",
                "kid1_nm2": "Wanna play with piggy!",
                "kid1_nm1": "Yay! Me an' Dadda gonna have lotsa fun!$1",
                "kid1_school1": "Miss you Dadda!$2",
                "kid1_school2": "I love school!$1",
                //Jasper's strings
                "marriage_ki1": "So much energy! I don't know how I'll ever keep up.$3", //add seasonal variances using i18n? {{i18n:kid1.town.{{kid1_trait}}.{{season}}.2}}
                "marriage_ki2": "Such a delightful age. It's silly, but I almost hope they never grow up.$1",
                "marriage_ki3": "Hello @. We're about to build a snowman! Would you like to help us?$3",
                "marriage_ki4": "Ah, fairy tales. Nothing like the classics, is there?", //{{i18n:kid1.arch.{{kid1_trait}}.{{season}}.2}}
                "marriage_ki5": "No pumpkin, that's a book for grown-ups... Oh, very well, if you insist!",
                "marriage_ki6": "Hello Gunther! No, I am not quite getting as much reading done nowadays, for some reason.",
                "marriage_kinm1": "Are you ready for an adventure today, {{Loe2run.ChildToNPC/FirstChildName}}?",
                "marriage_kinm2": "No pumpkin, you cannot pet the pig... Yes, I'm sure he's very friendly... But he's working, see?$2",
                "marriage_kisch1": "Have fun today at school, Pumpkin.",
                "marriage_kisch2": "Oh no @, {{Loe2run.ChildToNPC/FirstChildName}} doesn't get special treatment.$2"
            }
        },
        //   Adds in the adjustments 
        {
            "LogName": "FirstChild Dialogue",
            "Action": "Include",
            "FromFile": "assets/{{parent}}/Dialogue/{{kid1_trait}}.json",
            "When": {
                "Spouse": "Jasper"
            }
        },
        { //replaces %kid1 and %kid2 with tokens once the kids grow into NPCs
            "LogName": "Jasper Dialogue",
            "Action": "Include",
            "FromFile": "assets/Jasper/MarriageDialogueJasper.json",
            "When": {
                "HasSeenEvent": "5599013"
            }
        },
        /* {
            "Action": "Include",
            "FromFile": "assets/MoviesReactions_kid1.json"
        },
        {
            "Action": "Include",
            "FromFile": "assets/MoviesReactions_kid2.json"
        },*/
        {
            "Action": "EditData",
            "Target": "Data/Events/Farmhouse",
            "Entries": {
                "5599200/p {{Loe2run.ChildToNPC/FirstChildName}}/O Jasper/t 600 620": "continue/-100 -100/farmer -1000 -1000 0 {{Loe2run.ChildToNPC/FirstChildName}} -1000 -1000 0 Jasper -1000 -1000 0/pause 50/playSound woodyStep/pause 50/playSound woodyStep/speak {{Loe2run.ChildToNPC/FirstChildName}} \"Papa, Dadda! Hadda bad dream.^Mama, Dadda! Hadda bad dream.$2\"/playSound thudStep/speak Jasper \"Come on pumpkin. Let's get you back into bed. I'll tell you a story.$12\"/speak {{Loe2run.ChildToNPC/FirstChildName}} \"Okay Dadda.#$b#One about goblin princess?\"/speak Jasper \"Yes, the one about the goblin princess.$12\"/pause 500/playSound woodyStep/playSound thudStep/pause 5000/end"
            },
            "When": {
                "Spouse": "Jasper"
            }
        },
        /* Starting event will have child and Jasper interracting. Farmer will be given a choice (on behalf of the child):
        5599201: "I wanna help with the animals."
        5599202: "I wanna go on an adventure!"
        5599203: "I wanna visit the library."
        5599204: "I wanna play in the playground!"

        For child 2:
        5599301: "I wanna help with the animals."
        5599302: "I wanna go on an adventure!"
        5599303: "I wanna visit the library."
        5599304: "I wanna play in the playground!"

        Serious: facts, figures, enjoys reading and writing over socializing. Asks a lot of scientific questions. (Ravenclaw)
        Funloving: acting, pranks/jokes. bubbly, bright, social. short attention span. very talkative. asks a lot of questions. (Hufflepuff) 
        Sensitive: artistic, gardener, conerned how other people are feeling. Sometimes worries others don't like them. shy. (also Hufflepuff) 
        Determined: sporty/competitive, warrior, speaks their mind, (Gryffindor)

        */
        {
            "LogName": "FirstChild Dispositions",
            "Action": "EditData",
            "Target": "Data/NPCDispositions",
            "Entries": {
                "{{Loe2run.ChildToNPC/SecondChildName}}": "child/neutral/neutral/neutral/{{Loe2run.ChildToNPC/FirstChildGender}}/non-datable/null/Town/{{Loe2run.ChildToNPC/FirstChildBirthday}}/Jas 'friend' Vincent 'friend'/{{Loe2run.ChildToNPC/SecondChildBed}}/{{Loe2run.ChildToNPC/SecondChildName}}"
            },
            "When": {
                "Spouse": "Jasper",
                "Loe2run.ChildToNPC/NumberTotalChildren": "2, 3, 4"
            }
        },
        {
            "LogName": "Second Child Gift Tastes",
            "Action": "EditData",
            "Target": "Data/NPCGiftTastes",
            "Entries": {
                "{{Loe2run.ChildToNPC/SecondChildName}}": "{{i18n:gift.{{parent}}.{{kid2_trait}}.love}}/223 206 211 577 597 107 279 123 233/{{i18n:gift.{{parent}}.{{kid2_trait}}.like}}/203 224 213 232 234 221 220 -80 -79 392 119 124 188 192/{{i18n:.gift.{{parent}}.{{kid2.trait}}.dislike}}/-8 -4 -22 -28 -19 209 -75 -81 200 800/{{i18n:.gift.{{parent}}.{{kid2_trait}}.hate}}/342 397 226 205 346 348 303 304 445 459 257 202 265/{{i18n:.gift.{{parent}}.{{kid2_trait}}.neutral}}/408 18 22 283 -5 -2/"
            },
            "When": {
                "Spouse": "Jasper"
            }
        },
//Festivals for Kid 1
/*{
    "Action": "EditData",
    "Target": "Data/Festivals/spring13",
    "TextOperations": [
        {
            "Operation": "Append",
            "Target": [
                "Entries",
                "Set-Up_additionalCharacters"
            ],
            "Value": "Jasper 34 57 down",
            "Delimiter": "/"
        }
    ]
},
{
    "Action": "EditData",
    "Target": "Data/Festivals/spring24",
    "TextOperations": [
        {
            "Operation": "Append",
            "Target": [
                "Entries",
                "Set-Up_additionalCharacters"
            ],
            "Value": "Jasper 4 29 down",
            "Delimiter": "/"
        }
    ]
},
{
    "Action": "EditData",
    "Target": "Data/Festivals/summer11",
    "TextOperations": [
        {
            "Operation": "Append",
            "Target": [
                "Entries",
                "Set-Up_additionalCharacters"
            ],
            "Value": "Jasper 11 39 down",
            "Delimiter": "/"
        }
    ]
},
{
    "Action": "EditData",
    "Target": "Data/Festivals/summer28",
    "TextOperations": [
        {
            "Operation": "Append",
            "Target": [
                "Entries",
                "Set-Up_additionalCharacters"
            ],
            "Value": "Jasper 88 40 down",
            "Delimiter": "/"
        }
    ]
},
{
    "Action": "EditData",
    "Target": "Data/Festivals/fall16",
    "TextOperations": [
        {
            "Operation": "Append",
            "Target": [
                "Entries",
                "Set-Up_additionalCharacters"
            ],
            "Value": "Jasper 38 77 down",
            "Delimiter": "/"
        }
        
    ]
},
{
    "Action": "EditData",
    "Target": "Data/Festivals/fall27",
    "TextOperations": [
        {
            "Operation": "Append",
            "Target": [
                "Entries",
                "Set-Up_additionalCharacters"
            ],
            "Value": "Jasper 27 56 down",
            "Delimiter": "/"
        }
    ]
},
{
    "Action": "EditData",
    "Target": "Data/Festivals/winter8",
    "TextOperations": [
        {
            "Operation": "Append",
            "Target": [
                "Entries",
                "Set-Up_additionalCharacters"
            ],
            "Value": "Jasper 10 44 right",
            "Delimiter": "/"
        }
    ]
},*/
{
    "Action": "EditData",
    "Target": "Data/Festivals/winter25",
    "TextOperations": [
        {
            "Operation": "Append",
            "Target": [
                "Entries",
                "Set-Up_additionalCharacters"
            ],
            "Value": "{{Loe2run.ChildToNPC/FirstChildName}} 26 77 left",
            "Delimiter": "/"
        }
    ]
},
{	"LogName": "Winter Star",	
	"Action": "EditData",	
	"Target": "Data/Festivals/winter25",
	"Entries":{		
		"{{Loe2run.ChildToNPC/FirstChildName}}": "Is this one for me, Papa?$1^Is this one for me, Mama?$1"
			}	
		}


    ]
}