{
    "Changes": [

{   "LogName": "Edits Jas schedule",   "Action": "EditData",  
    "Target":  "Characters/schedules/Jas",
    "Entries": {
            "Sat": "1000 Forest 91 22 1/1030 Town 31 89 1/1200 Town 24 12 jas_jumprope/1600 Town 17 14/1620 Town 53 72 0/1740 ESHouse1 18 22 1/2050 ESHouse1 15 4 jas_sleep", 
            "summer_Sun": "0900 Town 47 87 0/1200 EastScarpe 53 89 2/1600 ESHouse1 22 22 3/1900 ESHouse1 15 4 jas_sleep",
            "Sun": "0900 Town 47 87 0/1200 ESHouse1 3 20 jas_read/1700 ESHouse1 22 22 3/1900 ESHouse1 6 20 1/2040 ESHouse1 15 4 jas_sleep"
                            }
                                },
{   "LogName": "Edits Eloise schedule",   "Action": "EditData",  
    "Target":  "Characters/schedules/Eloise",
    "Entries": 
        {       "Sun": "700 VetHouse 30 14 1/800 EastScarpe 55 89 2/1200 EastScarpe 18 54 2/1400 ESHouse1 2 21 0 Eloise_kneel/1700 ESHouse1 18 22 1/1900 VetHouse 33 23 2",
	            "summer_Sun": "700 VetHouse 30 14 1/900 VetHouse 30 25 3 \"Strings\\schedules\\Eloise:vethouse.000\"/1100 EastScarpe 36 39 2/1210 EastScarpe 55 89 2/1600 EastScarpe 18 54 2/1700 ESHouse1 18 22 1/1900 VetHouse 33 23 2"
                                    }
                           },
{   "LogName": "Edits Jacob schedule",   "Action": "EditData",  
    "Target":  "Characters/schedules/Jacob",
    "Entries": 
            {   "Sun": "700 VetHouse 34 14 3/800 EastScarpe 54 88 2/1200 EastScarpe 20 54 2/1340 EastScarpe 41 45 0/1400 EastScarpe 25 9 0/1600 VetHouse 31 5 0/2200 VetHouse 20 4",
	            "summer_Sun": "700 VetHouse 34 14 3/900 EastScarpe 25 9 0/1130 EastScarpe 35 39 2/1210 EastScarpe 54 85 2/1600 EastScarpe 20 54 2/1700 ESHouse1 19 20 2/1900 VetHouse 20 4"
                                                }              
                                  },

{   "LogName": "Edits Tristan schedule",   
    "Action": "EditData",  
    "Target":  "Characters/schedules/MisterGinger",
    "Entries": {
"rain":"0900 ESHouse1 20 19 0/1200 ESHouse1 7 18 misterginger_knit/1600 ESHouse1 20 19 0/1700 ESHouse1 21 20 2/1900 ESHouse1 24 7 1/2200 ESHouse1 23 4 2 misterginger_sleep",
"spring_28":  "800 Town 48 87 0/1200 ESHouse1 7 18 misterginger_knit/1600 ESHouse1 20 19 0/1700 ESHouse1 21 20 2/2050 ESHouse1 16 4 3/2150 ESHouse1 9 19 0/2300 ESHouse1 23 4 2 misterginger_sleep",
"summer_Mon":"800 Forest 92 21 1/1320 Beach 37 20 2/1600 AnimalShop 23 15 1/1800 AnimalShop 17 16 0/1830 AdventureGuild 9 16 1",
"Mon": "0800 Forest 41 10 2/1510 AnimalShop 14 16 0/1530 AnimalShop 16 13 2 misterginger_knit/2000 AdventureGuild 9 16 1",
"Tue": "800 ESHouse1 20 19 0/1100 EastScarpe 26 60 2/1200 EastScarpe 30 117 2/1400 EastScarpe 55 40 2 misterginger_knit/1700 Saloon 20 19 3/2200 AdventureGuild 9 16 1",
"Wed": "800 ESHouse1 20 19 0/1100 EastScarpe 26 60 2/1300 EastScarpe 30 117 2/1600 AnimalShop 3 7 2/2000 AdventureGuild 9 16 1",
"spring_Thu":"0800 Forest 41 10 2/1510 AnimalShop 14 16 0/1530 AnimalShop 16 13 2 misterginger_knit/2000 AdventureGuild 9 16 1",
"summer_Thu":"800 Forest 92 21 1/1320 Beach 37 20 2/1600 AnimalShop 23 15 1/1800 WizardHouse 2 17 2",
"fall_Thu":"0800 Forest 41 10 2/1510 AnimalShop 14 16 0/1530 AnimalShop 16 13 2 misterginger_knit/2000 AdventureGuild 9 16 1",
"winter_Thu":"0800 Forest 41 10 2/1510 AnimalShop 14 16 0/1530 AnimalShop 16 13 2 misterginger_knit/2000 AdventureGuild 9 16 1",
"winter_15":"0800 Forest 41 10 2/1300 Town 47 87 0/1600 Beach 22 24 2 \"Strings\\schedules\\MisterGinger:winter_15.000\"/2330 ESHouse1 23 4 2 misterginger_sleep",
"winter_18":"GOTO Tue",
"Fri": "800 ESHouse1 20 19 0/1100 EastScarpe 26 60 2/1300 EastScarpe 30 117 2/1600 AnimalShop 5 6 2/2100 AnimalShop 3 7 2/2120 AdventureGuild 9 16 1",
"Sat": "700 Forest 92 23 0/1030 Town 32 91 0/1200 EastScarpe 55 84 misterginger_knit/1640 EastScarpe 14 90 2/1900 ESHouse1 22 22 3/2100 ESHouse1 13 4 1/2200 ESHouse1 23 4 2 misterginger_sleep",
"fall_Sat": "700 Forest 92 23 0/1030 Town 32 91 0/1200 EastScarpe 54 84 misterginger_knit/1640 EastScarpe 14 90 2/1900 ESHouse1 22 22 3/2100 ESHouse1 13 4 1/2200 ESHouse1 23 4 2 misterginger_sleep",
"Sun": "800 Town 48 87 0/1200 ESHouse1 7 18 misterginger_knit/1600 ESHouse1 20 19 0/1700 ESHouse1 21 20 2/2050 ESHouse1 16 4 3/2150 ESHouse1 9 19 0/2300 ESHouse1 23 4 2 misterginger_sleep",
"Thu": "0800 Forest 41 10 2/1510 AnimalShop 14 16 0/1530 AnimalShop 16 13 2 misterginger_knit/2000 AdventureGuild 9 16 1",
"summer_Sun": "800 Town 48 87 0/1200 EastScarpe 55 84 misterginger_knit/1600 ESHouse1 20 19 0/1700 ESHouse1 21 20 2/1900 ESHouse1 7 19 2/2050 ESHouse1 16 4 3/2150 ESHouse1 9 19 0/2300 ESHouse1 23 4 2 misterginger_sleep",
"spring_Sun": "800 Town 48 87 0/1200 ESHouse1 7 18 misterginger_knit/1600 ESHouse1 20 19 0/1700 ESHouse1 21 20 2/2050 ESHouse1 16 4 3/2150 ESHouse1 9 19 0/2300 ESHouse1 23 4 2 misterginger_sleep",
"fall_Sun": "800 Town 48 87 0/1200 ESHouse1 7 18 misterginger_knit/1600 ESHouse1 20 19 0/1700 ESHouse1 21 20 2/2050 ESHouse1 16 4 3/2150 ESHouse1 9 19 0/2300 ESHouse1 23 4 2 misterginger_sleep",
"Marriage_Fri:": "900 Forest 21 29 2/1300 Town 86 103 2/1620 Town 18 94 0/1750 AnimalShop 7 16 2/2430 BusStop -1 23 3"	
	}
},
{   "LogName": "Edits Tristan schedule",   "Action": "EditData",  
    "Target":  "Characters/schedules/MisterGinger",
    "Entries": {
            "summer_Mon":"800 Forest 92 21 1/1320 Beach 37 20 2/1600 AnimalShop 23 15 1/1730 AnimalShop 17 16 0/1800 Forest 33 25/1930 AdventureGuild 9 16 1",
            "Mon":"0800 Forest 37 10 2/1500 AnimalShop 14 16 0/1530 AnimalShop 16 13 2 misterginger_knit/1800 Forest 33 25/1930 AdventureGuild 9 16 1"
    },
    "When": {   "HasSeenEvent":"5295004","HasMod":"tenthousandcats.ImmersiveCShane" }

},
{   "LogName": "Edits Belos schedule",   "Action": "EditData",  
    "Target":  "Characters/schedules/Belos",
    "Entries": {
            "Mon":"0610 Woods 12 7 2 Belos_rest2/0800 Woods 7 18 2 Belos_rest1/1000 Forest 41 10 2/1130 Town 50 68 1/1600 Forest 54 54 2/2000 Forest 41 10 2 Belos_Sleep",
            "Tue":"GOTO Mon"
    },
    "When": {   "HasSeenEvent":"5295004","HasMod |contains=tenthousandcats.ImmersiveCShane":true, "HasMod |contains=fire1":true }

},
{   "LogName": "Schedule",  
	"Action": "EditData",
	"Target": "Characters/schedules/MisterGinger",
	"Entries":{
		"22": "800 ESHouse1 20 19 0/1000 CommunityCenter 8 5 2/1400 CommunityCenter 12 25 2 misterginger_knit/1600 CommunityCenter 1 6 3/1730 CommunityCenter 13 19 2/1840 AnimalShop 3 7 3/2140 AdventureGuild 9 16 1"
	},
	"When": { "HasSeenEvent |contains=191393":true, "HasSeenEvent |contains=5295000":true, "HasMod": "FlashShifter.StardewValleyExpandedALL"  }
},




/*{   "LogName": "Tristan'sHouse", "Action": "EditMap",
    "Target": "Maps/EastScarpe",
    "FromFile": "assets/Maps/EastScarpeTristan2.tmx",
    "ToArea": { "X": 9, "Y": 36, "Width": 15, "Height": 11  }
            }*/
                                ]
                                }