{
"loadLate": "true",

"addMaps": [   
     
       {
      "name": "EastScarpe",
      "file": "assets/NewEastScarpe.tmx",
      "type": "Custom:EastScarpe.EastScarpe, EastScarpe, Version=0.0.0.0, Culture=neutral, PublicKeyToken=null"
    },

    {
      "name": "Lighthouse",
      "file": "assets/Lighthouse_Interior.tmx"
    },
  
    /*{
        "name": "ESHouse1",
        "file": "assets/ESHouse1.tmx"
      },*/
      {
        "name": "ESHouse2",
        "file": "assets/House2.tmx"
      },
      {
        "name": "ESHouse3",
        "file": "assets/House3.tmx"
      },
      {
        "name": "ESHouse4",
        "file": "assets/House4.tmx"
      },
      {
        "name": "ESFishingCabin",
        "file": "assets/FishingCabin.tmx"
      },
      {
      "name": "BirdHide",
      "file": "assets/BirdHide-Spring.tmx"
      },
      {
        "name": "VetHouse",
        "file": "assets/VetHouse.tmx"
      },
     {
        "name": "JacobOffice",
        "file": "assets/JacobOffice.tmx"
      }  

    ],

  "mergeMaps": [
      {
        "name": "EastScarpe",
        "file": "assets/VanGone.tmx",
        "sourceArea": [ 0, 0, 6, 9 ],
        "position": [ 28, 27 ],
        "Conditions": "d Mon Wed Thu Fri Sat Sun/t 1100 1800/w sunny"
      },
/*{
      "name": "EastScarpe", 
    "file": "assets/EastScarpeTristan.tmx",
    "position": [9,36]
      },*/
      
      
      
 
],
    


    
    "replaceMaps": 
  [  
   {
    "name": "BirdHide",
    "file": "assets/BirdHide-Summer.tmx", 
    "Conditions": "z spring/z fall/z winter"
    },
    {
    "name": "BirdHide",
    "file": "assets/BirdHide-Winter.tmx", 
    "Conditions": "z spring/z fall/z summer"
    },
    {
    "name": "BirdHide",
    "file": "assets/BirdHide-Fall.tmx", 
    "Conditions": "z spring/z summer/z winter"
    }
  ],

   "onlyWarps":[
 
      {  "name": "Town", 
         "addWarps": [
          "120 93 EastScarpe 1 91 120 94 EastScarpe 1 92 120 95 EastScarpe 1 93 120 96 EastScarpe 1 94 121 93 EastScarpe 2 91 121 94 EastScarpe 2 92 121 95 EastScarpe 2 93 121 96 EastScarpe 2 94"
        ]
      }
    ],

"festivalSpots": [
  {
    "name": "Jacob",
    "map": "Beach-Luau",
    "position": [31, 34],
    "direction": 2,
    "position2": [31, 34],
    "direction2": 3
          },
  {
    "name": "Eloise",
    "map": "Beach-Luau",
    "position": [13, 14],
    "direction": 1,
    "position2": [23, 23],
    "direction2": 0
          },

{
  "name": "Jacob",
  "map": "Beach-Jellies",
  "position": [4,7 ],
  "direction": 2
 
        },
{
  "name": "Eloise",
  "map": "Beach-Jellies",
  "position": [5, 7],
  "direction": 2

        },
  {
    "name": "Jacob",
    "map": "Town-Fair",
    "position": [62,65 ],
    "direction": 2
    
          },
  {
    "name": "Eloise",
    "map": "Town-Fair",
    "position": [63, 65],
    "direction": 2
  
          },
{
  "name": "Jacob",
  "map": "Town-Halloween",
  "position": [16,51 ],
  "direction": 2
  
        },
{
  "name": "Eloise",
  "map": "Town-Halloween",
  "position": [16, 52],
  "direction": 0
        },
{
"name": "Jacob",
"map": "Forest-IceFestival",
"position": [59, 45],
"direction": 1,
"position2": [33,25],
"direction2": 2
      },
{
"name": "Eloise",
"map": "Forest-IceFestival",
"position": [59, 46],
"direction": 1,
"position2": [34,25],
"direction2":2
      },
{
  "name": "Eloise",
  "map": "Town-EggFestival",
  "position": [17, 67],
  "direction": 1,
  "position2": [35, 60],
  "direction2": 2


        },
{
  "name": "Jacob",
  "map": "Town-EggFestival",
  "position": [17, 63],
  "direction": 2,
  "position2": [34, 60],
  "direction2": 2

        },
{
  "name": "Eloise",
  "map": "Forest-FlowerFestival",
  "position": [14, 30],
  "direction": 3,
  "position2": [13, 30],
  "direction2": 0


        },
{
  "name": "Jacob",
  "map": "Forest-FlowerFestival",
  "position": [3, 30],
  "direction": 1,
  "position2": [14, 31],
  "direction2": 0
},
{
  "name": "Eloise",
  "map": "Town-Christmas",
  "position": [27, 51],
  "direction": 3


        },
{
  "name": "Jacob",
  "map": "Town-Christmas",
  "position": [37, 71],
  "direction": 3
        }

	
    ]
  }
  