{  "Format": "1.17",

"ConfigSchema": {
	"TownMap": {"AllowValues": "default, karmylla, vanilla", "Default": "default"  },
    	"River": { "AllowValues": "true, false",  "Default": "false" },
	"Forest": { "AllowValues": "true, false",  "Default": "false" },
	"Skin": { "AllowValues": "Kaya, NewEastScarpe",  "Default": "NewEastScarpe" }		
     },

"DynamicTokens": [           
    {   "Name": "birdVar", "Value": "0" },
    {   "Name": "birdVar",  "Value": "32",
        "When": {"Season": "fall", "DayofWeek": "friday, saturday, sunday" }   
    },
    {   "Name": "birdVar", "Value": "64",
        "When": { "Season": "fall", "DayofWeek": "monday, tuesday, wednesday, thursday"}
    },
    {   "Name": "birdVar", "Value": "96",
        "When": { "Season": "winter" }
    }
],

"Changes": [

//Load Tilesheets
{	"Action": "Load",
	"Target": "Maps/spring_EastScarpe, Maps/summer_EastScarpe, Maps/fall_EastScarpe, Maps/winter_EastScarpe,Maps/spring_lighthouse, Maps/summer_lighthouse, Maps/fall_lighthouse, Maps/winter_lighthouse",
	"FromFile": "assets/TileSheets/{{Skin}}/{{TargetWithoutPath}}.png"
	},


//Map patches for various map types (Karmylla's Immersive Maps, Reimagined, Reimagined2, Expanded, Shortcuts Enhanced)
    //River Patch
        {   "Action": "EditMap",
            "Target": "Maps/EastScarpe",
            "FromFile": "assets/EastScarpeRiverPatch1.tmx",
            "ToArea": { "X": 19, "Y": 0, "Width": 19, "Height": 26  },
            "When": { "River":true,"HasMod |contains=DaisyNiko.Tilesheets": false }
                        },
        {    "Action": "EditMap",
            "Target": "Maps/EastScarpe",
            "FromFile": "assets/EastScarpeRiverPatch1-waterfall.tmx",
            "ToArea": { "X": 19, "Y": 0, "Width": 19, "Height": 26  },
            "When": { "River":true,"HasMod |contains=DaisyNiko.Tilesheets": true }
                        },
        {    "Action": "EditMap",
            "Target": "Maps/EastScarpe",
            "FromFile": "assets/EastScarpeRiverPatch2.tmx",
            "ToArea": { "X": 38, "Y": 15, "Width": 42, "Height": 17  },
            "MapProperties": {"CanyonWater":"T"},
            "When": { "River":true }
                    },
        {   "Action": "EditMap",
            "Target": "Maps/EastScarpe",
            "FromFile": "assets/ESWilderness.tmx",
            "ToArea": { "X": 24, "Y": 38, "Width": 35, "Height": 35  },
	    "MapProperties": {"Wilderness":"T"},
            "When": { "Forest":true, "HasMod |contains=DaisyNiko.Tilesheets": true, "HasMod |contains=ItsBenter.EastScarpeInn.TMX":false}
                        },

 	{   "Action": "EditMap",
            "Target": "Maps/EastScarpe",
            "FromFile": "assets/ESWilderness.tmx",
	    "FromArea": {"X": 0, "Y": 0,  "Width":35, "Height": 22 },
            "ToArea": { "X": 24, "Y": 38, "Width": 35, "Height": 22  },
	    "MapProperties": {"Wilderness":"T"},
            "When": { "Forest":true, "HasMod |contains=DaisyNiko.Tilesheets": true, "HasMod":"ItsBenter.EastScarpeInn.TMX"}
                        },
{   "Action": "EditMap",
            "Target": "Maps/EastScarpe",
            "FromFile": "assets/ESWilderness.tmx",
            "FromArea": {"X": 0, "Y": 22,  "Width": 12, "Height": 13 },
            "ToArea": { "X": 24, "Y": 60, "Width": 12, "Height": 13  },
	    "When": { "Forest":true, "HasMod |contains=DaisyNiko.Tilesheets": true, "HasMod":"ItsBenter.EastScarpeInn.TMX"}
                        },

    //Mountains
        {   "Action": "EditMap",
            "Target": "Maps/Mountain",
            "FromFile": "assets/Patches/MountainEastScarpe.tmx",
            "ToArea": { "X": 86, "Y": 35, "Width": 9, "Height": 6  } 
                },
        {   "Action": "EditMap",
            "Target": "Maps/Mountain",
            "FromFile": "assets/Patches/MountainEastScarpeSDR2.tmx",
            "ToArea": { "X": 85, "Y": 35, "Width": 10, "Height": 6  },
            "When": { "HasMod |contains=DaisyNiko.SVR2":true}
            },
 	{   "Action": "EditMap",
            "Target": "Maps/Mountain",
            "FromFile": "assets/Patches/MountainEastScarpeShortcuts.tmx",
            "ToArea": { "X": 86, "Y": 35, "Width": 10, "Height": 6  },
            "When": {"HasMod |contains=SEnhanced.Shortcuts":true }
                            },
        {   "Action": "EditMap",
            "Target": "Maps/Mountain",
            "FromFile": "assets/Patches/MountainEastScarpeSVE.tmx",
            "ToArea": { "X": 86, "Y": 35, "Width": 9, "Height": 6  },
            "When": {"HasMod |contains=FlashShifter.StardewValleyExpandedALL, megmom84.waterfilledgorge":true }
                            },
    //Town
    //If using Karmylla's maps with another Town edit installed, please adjust your config - otherwise it autodetects what one you are using. This may misfire if you mix them up a lot!
        {  "Action": "EditMap",
            "Target": "Maps/Town",
            "FromFile": "assets/Patches/EastScarpeEntrance-Core.tmx",
            "ToArea": { "X": 100, "Y": 91, "Width": 20, "Height": 8  }
                },
        {   "Action": "EditMap",
            "Target": "Maps/Town",
            "FromFile": "assets/Patches/EastScarpeEntrance-SVE.tmx",
            "ToArea": { "X": 100, "Y": 91, "Width": 20, "Height": 8  },
            "When": { "HasMod |contains=FlashShifter.StardewValleyExpandedALL":true}
                },
        {    "Action": "EditMap",
            "Target": "Maps/Town",
            "FromFile": "assets/Patches/EastScarpeEntrance-KIM.tmx",
            "ToArea": { "X": 100, "Y": 91, "Width": 20, "Height": 8  },
            "When": { "HasMod |contains=DaisyNiko.SVR2":false, "HasMod |contains=Karmylla.ImmersiveMaps":true}
                },
        {   "Action": "EditMap",
            "Target": "Maps/Town",
            "FromFile": "assets/Patches/EastScarpeEntrance-SDR2.tmx",
            "ToArea": { "X": 100, "Y": 91, "Width": 20, "Height": 8  },
            "When": { "HasMod |contains=DaisyNiko.SVR2":true, "HasMod |contains=Karmylla.ImmersiveMaps":false }
                },
        {   "Action": "EditMap",
            "Target": "Maps/Town",
            "FromFile": "assets/Patches/EastScarpeEntrance-KIM.tmx",
            "ToArea": { "X": 100, "Y": 91, "Width": 20, "Height": 8  },
            "When": { "HasMod |contains=DaisyNiko.SVR2":true, "HasMod |contains=Karmylla.ImmersiveMaps":true, "TownMap": "karmylla" }
                },
        {   "Action": "EditMap",
            "Target": "Maps/Town",
            "FromFile": "assets/Patches/EastScarpeEntrance-SDR2.tmx",
            "ToArea": { "X": 100, "Y": 91, "Width": 20, "Height": 8  },
            "When": { "HasMod |contains=DaisyNiko.SVR2":true, "HasMod |contains=Karmylla.ImmersiveMaps":true, "TownMap": "default" }
        },
        {   "Action": "EditMap",
            "Target": "Maps/Town",
            "FromFile": "assets/Patches/EastScarpeEntrance-SEcuts.tmx",
            "ToArea": { "X": 100, "Y": 91, "Width": 20, "Height": 8  },
            "When": { "HasMod |contains=SEnhanced.Shortcuts":true, "TownMap": "default" }
            },
        {   "Action": "EditMap",
            "Target": "Maps/Town",
            "FromFile": "assets/Patches/EastScarpeEntrance-reimagined1.tmx",
            "ToArea": { "X": 100, "Y": 91, "Width": 20, "Height": 8  },
            "When": { "HasMod |contains=DaisyNiko.StardewValleyReimagined":true, "TownMap": "default"}
            },
        {    "Action": "EditMap",
            "Target": "Maps/Town",
            "FromFile": "assets/Patches/EastScarpeEntrance-Core.tmx",
            "ToArea": { "X": 100, "Y": 91, "Width": 20, "Height": 8  },
            "When": { "TownMap": "vanilla" }
            },
    //Offsets exit warps for Reimagined2
        {   "Action": "EditMap",
            "Target": "Maps/EastScarpe",
            "MapProperties": { "Warp": "-1 91 Town 117 94 -1 92 Town 117 94 -1 93 Town 117 95 -1 94 Town 117 96 0 91 Town 118 94 0 92 Town 118 94 0 94 Town 118 95 0 94 Town 118 96 79 48 ESOrchard 1 18 79 49 ESOrchard 1 19" },
            "When": { "HasMod |contains=DaisyNiko.SVR2":true}
            },
//Remove tree from museum
{    "LogName": "Removes tree from KIM",
    "Action": "EditMap",
    "Target": "Maps/Town",
    "MapTiles": [
    {   "Position": { "X": 108, "Y": 88 }, "Layer": "AlwaysFront", "Remove":true    },
    {   "Position": { "X": 109, "Y": 88 }, "Layer": "AlwaysFront", "Remove":true    },
    {   "Position": { "X": 110, "Y": 88 }, "Layer": "AlwaysFront", "Remove":true    },
    {   "Position": { "X": 111, "Y": 88 }, "Layer": "AlwaysFront", "Remove":true    },
    {   "Position": { "X": 108, "Y": 89 }, "Layer": "AlwaysFront", "Remove":true    },
    {   "Position": { "X": 109, "Y": 89 }, "Layer": "AlwaysFront", "Remove":true    },
    {   "Position": { "X": 110, "Y": 89 }, "Layer": "AlwaysFront", "Remove":true    },
    {   "Position": { "X": 111, "Y": 89 }, "Layer": "AlwaysFront", "Remove":true    },
    {   "Position": { "X": 108, "Y": 90 }, "Layer": "AlwaysFront", "Remove":true    },
    {   "Position": { "X": 109, "Y": 90 }, "Layer": "AlwaysFront", "Remove":true    },
    {   "Position": { "X": 110, "Y": 90 }, "Layer": "AlwaysFront", "Remove":true    },
    {   "Position": { "X": 111, "Y": 90 }, "Layer": "AlwaysFront", "Remove":true    }     
                ],
        "When": {"HasMod":"Karmylla.ImmersiveMaps, FlashShifter.StardewValleyExpandedALL"} 
        },
/*{    "LogName": "Removes tree from KIM",
    "Action": "EditMap",
    "Target": "Maps/Town",
    "MapTiles": [
    {   "Position": { "X": 108, "Y": 91 }, "Layer": "AlwaysFront", "Remove":true    },
    {   "Position": { "X": 109, "Y": 91 }, "Layer": "AlwaysFront", "Remove":true    },

     ],
        "When": {"HasMod":"andril11.charlie","HasMod":"FlashShifter.StardewValleyExpandedALL"} 
        },*/



{    "LogName": "Removes treestump from Water Filled Gorge",
    "Action": "EditMap",
    "Target": "Maps/Mountain",
    "MapTiles": [
 {   "Position": { "X": 93, "Y": 35 }, "Layer": "Buildings", "Remove":true    }     
                ],
        "When": {"HasMod":"megmom84.waterfilledgorge"} 
        },
{   "LogName": "Adds warp to Mountain when Shortcuts installed",
    "Action": "EditMap",
    "Target": "Maps/EastScarpe",
    "MapTiles": [
	{ "Position": { "X": 3, "Y": 0 }, "Layer": "Back","SetProperties": {"TouchAction": "LoadMap Mountain 92 40" } },
        { "Position": { "X": 4, "Y": 0 }, "Layer": "Back","SetProperties": {"TouchAction": "LoadMap Mountain 92 40" } }	
                ],
        "When": { "HasMod": "SEnhanced.Shortcuts"}
            },
{   "LogName": "Adds warp to caves",
    "Action": "EditMap",
    "Target": "Maps/EastScarpe",
    "MapTiles": [
        { "Position": { "X": 43, "Y": 84 }, "Layer": "Back","SetProperties": {"TouchAction": "LoadMap Underground1 14 67" } },
        { "Position": { "X": 44, "Y": 84 }, "Layer": "Back","SetProperties": {"TouchAction": "LoadMap Underground1 14 67" } }	
                ],
        "When": { "HasMod": "DaisyNiko.Tilesheets"}
            },
//Fishing
{   "Action": "EditData",
    "Target": "Data/Locations",
    "Entries": {
        "EastScarpe": "-1/-1/-1/-1/153 -1 142 0 152 -1 129 1 147 1 131 2 148 2 708 2/153 -1 142 0 144 0 152 -1 154 1 128 2 130 2 146 2 149 2 150 2 155 2 708 2 701 2 267 2/153 -1 142 0 269 0 152 -1 129 1 154 1 155 1 131 2 148 2 150 2 705 2 701 2/153 -1 142 0 269 0 152 -1 147 1 155 1 708 2 130 2 131 2 146 2 150 2 151 2 154 2 705 2/107 .01 378 .08 579 .1 588 .1 581 .1 583 .1 102 .15 390 .25 330 1",
        "Underground1": "-1/-1/-1/-1/153 -1 156 -1 157 -1 158 -1/153 -1 156 -1 157 -1 158 -1/153 -1 156 -1 157 -1 158 -1/153 -1 156 -1 157 -1 158 -1/107 .01 378 .08 579 .1 588 .1 581 .1 583 .1",
        "ESOrchard": "-1/-1/-1/-1/139 -1 698 -1 147 -1 136 -1 699 -1 138 -1 129 -1/139 -1 137 -1 136 -1 699 -1 148 -1/698 -1 137 -1 136 -1 699 -1/147 -1 136 -1 699 -1/110 .1 118 .1 100 .05 103 .05 106 .05 102 .15 390 .25 330 1"
                    },
        "When": { "HasMod |contains=MoreFish": false }
    },
{   "Action": "EditData",
    "Target": "Data/Locations",
    "Entries": {
        "EastScarpe": "1096 .4 1097 .3/1096 .5 1098 .1/1096 .5 1099 .1/1096 .5 1100 .1/153 -1 142 0 1123 0 1124 0 1146 0 1147 0 152 -1 129 1 147 1 1071 1 1088 1 1075 1 131 2 148 2 708 2 1120 2 1137 2 1139 2 1143 2 1058 2 1076 2 267 2/153 -1 142 0 144 0 1122 0 1124 0 1148 0 1082 0 1146 0 152 -1 154 1 1071 1 1075 1 128 2 130 2 146 2 149 2 150 2 155 2 708 2 267 2 1120 2 1129 2 1143 2 1068 2 1070 2/153 -1 142 0 269 0 1121 0 1146 0 1149 0 152 -1 129 1 154 1 155 1 1075 1 131 2 148 2 150 2 705 2 1135 2 1136 2 1059 2 1069 2/153 -1 142 0 269 0 1146 0 1079 0 1081 0 152 -1 147 1 155 1 1075 1 708 2 130 2 131 2 146 2 150 2 151 2 154 2 705 2 1135 2 1138 2 1126 2 1060 2 1061 2 1072 2 1080 2 1109 2/107 .01 378 .08 579 .1 588 .1 581 .1 583 .1 102 .15 390 .25 330 1",
        "Underground1": "-1/-1/-1/-1/153 -1 156 -1 157 -1 158 -1 1145 -1 1062 -1 1075 -1 1095 -1 1184 -1 1185 -1 1114 -1/153 -1 156 -1 157 -1 158 -1 1145 -1 1062 -1 1075 -1 1095 -1 1184 -1 1185 -1 1114 -1/153 -1 156 -1 157 -1 158 -1 1145 -1 1062 -1 1075 -1 1095 -1 1184 -1 1185 -1 1114 -1/153 -1 156 -1 157 -1 158 -1 1145 -1 1062 -1 1075 -1 1095 -1 1184 -1 1185 -1 1114 -1/107 .01 378 .08 579 .1 588 .1 581 .1 583 .1",
        "ESOrchard": "-1/-1/-1/-1/139 -1 698 -1 147 -1 136 -1 699 -1 138 -1 129 -1 1073 -1 1086 -1 1092 -1/139 -1 137 -1 136 -1 699 -1 148 -1 1073 -1 1086 -1 1092 -1/698 -1 137 -1 136 -1 699 -1 1086 -1 1092 -1/147 -1 136 -1 699 -1/110 .1 118 .2 100 .05 103 .05 106 .05 102 .15 390 .25 330 1" },
        "When": {   "HasMod |contains=MoreFish": true }
                    },
{   "Action": "EditData",
    "Target": "Data/Locations",
    "Fields": { "EastScarpe": { "5": "142 0 144 0 1122 0 1124 0 1148 0 1082 0 1146 0 138 0 132 0 145 0 153 0 706 0 701 0 1073 0 154 1 1075 1 1168 2 1171 2 1173 2 1175 2 1159 2 1158 2 1166 2 1160 2 1177 2 1068 2 1071 2"} },
    "When": { "HasMod |contains=MoreFish": true, "Season": "summer",  "Day": "12, 13, 14" }
        },
{  "Action": "EditData",
    "Target": "Data/Fish",
    "Fields": { "137": {"6": "summer fall"},
                "138": {"6": "spring"},
                "139": {"6": "spring summer"},
                "148": {"6": "summer"},
                "698": {"6": "spring fall"} },
    "When": {"LocationName":"ESOrchard"} 
 },
//If Smapi component is uninstalled for mobile etc
{   "Action": "EditData",
    "Target": "Data/Locations",
    "Entries": {
        "EastScarpe": "-1/-1/-1/-1/153 -1 142 -1 152 -1 129 -1 147 -1 131 -1 148 -1 708 -1/153 -1 142 -1 144 -1 152 -1 154 -1 128 -1 130 -1 146 -1 149 -1 150 -1 155 -1 708 -1 701 -1 267 -1/153 -1 142 -1 269 0 152 -1 129 -1 154 -1 155 -1 131 -1 148 -1 150 -1 705 -1 701 -1/153 -1 142 -1 269 -1 152 -1 147 -1 155 -1 708 -1 130 -1 131 -1 146 -1 150 -1 151 -1 154 -1 705 -1/107 .01 378 .08 579 .1 588 .1 581 .1 583 .1 102 .15 390 .25 330 1",
         },
        "When": { "HasMod |contains=MoreFish": false, "HasMod |contains=LemurKat.EastScarpe.SMAPI": false  }
    },
{   "Action": "EditData",
    "Target": "Data/Locations",
    "Entries": {
        "EastScarpe": "1096 .4 1097 .3/1096 .5 1098 .1/1096 .5 1099 .1/1096 .5 1100 .1/153 -1 142 -1 1123 -1 1124 -1 1146 -1 1147 -1 152 -1 129 -1 147 -1 1071 -1 1088 -1 1075 -1 131 -1 148 -1 708 -1 1120 -1 1137 -1 1139 -1 1143 -1 1058 -1 1076 -1 267 2/153 -1 142 -1 144 -1 1122 -1 1124 -1 1148 -1 1082 -1 1146 -1 152 -1 154 -1 1071 -1 1075 -1 128 -1 130 -1 146 -1 149 -1 150 -1 155 -1 708 -1 267 -1 1120 -1 1129 -1 1143 -1 1068 -1 1070 -1/153 -1 142 -1 269 -1 1121 -1 1146 -1 1149 -1 152 -1 129 -1 154 -1 155 -1 1075 -1 131 -1 148 -1 150 -1 705 -1 1135 -1 1136 -1 1059 -1 1069 -1/153 -1 142 -1 269 -1 1146 -1 1079 -1 1081 -1 152 -1 147 -1 155 -1 1075 -1 708 -1 130 -1 131 -1 146 -1 150 -1 151 -1 154 -1 705 -1 1135 -1 1138 -1 1126 -1 1060 -1 1061 -1 1072 -1 1080 -1 1109 -1/107 .01 378 .08 579 .1 588 .1 581 .1 583 .1 102 .15 390 .25 330 1",
        },
        "When": {   "HasMod |contains=MoreFish": true, "HasMod |contains=LemurKat.EastScarpe.SMAPI": false  }
                    },


//Seasonal Birdwatching
{   "LogName": "Pelicans for Pelican Town part 1",
    "Action": "EditImage",
    "Target": "TileSheets/Critters",
    "FromFile": "assets/Pelican.png",
    "FromArea": { "X": 0, "Y": 0, "Width": 320, "Height": 32},
    "ToArea":   { "X": 0, "Y": 0, "Width": 320, "Height": 32},
    "When":{ "LocationName": "EastScarpe" },
	"Update": "OnLocationChange"
    },
{  "LogName": "Pelicans for Pelican Town part 2",
    "Action": "EditImage",
    "Target": "TileSheets/Critters",
    "FromFile": "assets/Pelican.png",
    "FromArea": { "X": 0, "Y": 32, "Width": 128, "Height": 32},
    "ToArea":   { "X": 0, "Y": 32, "Width": 128, "Height": 32},
    "When":{ "LocationName": "EastScarpe" },
	"Update": "OnLocationChange"
    },
{   "LogName": "Pink Wader Migration part 1",
    "Action": "EditImage",
    "Target": "TileSheets/Critters",
    "FromFile": "assets/PinkWader.png",
    "FromArea": { "X": 0, "Y": 0, "Width": 320, "Height": 32},
    "ToArea":   { "X": 0, "Y": 0, "Width": 320, "Height": 32},
    "When":{ "Season": "Summer", "Day": "12, 13, 14" },
	"Update": "OnLocationChange"
    },
{  "LogName": "Pink Wader Migration part 2",
    "Action": "EditImage",
    "Target": "TileSheets/Critters",
    "FromFile": "assets/PinkWader.png",
    "FromArea": { "X": 0, "Y": 32, "Width": 128, "Height": 32},
    "ToArea":   { "X": 0, "Y": 32, "Width": 128, "Height": 32},
        "When":{ "Season": "Summer", "Day": "12, 13, 14" },
	"Update": "OnLocationChange"
    },
{   "LogName": "Add bird part 1",
    "Action": "EditImage",
    "Target": "TileSheets/Critters",
    "FromFile": "assets/EastScarpeBirds.png",
    "FromArea": { "X": 0, "Y": "{{birdVar}}", "Width": 160, "Height": 32},
    "ToArea":   { "X": 160, "Y": 64, "Width": 160, "Height": 32},
    "When":{ "LocationName": "EastScarpe" },
	"Update": "OnLocationChange"            
},
{  "LogName": "Add bird part 2",
    "Action": "EditImage",
    "Target": "TileSheets/Critters",
    "FromFile": "assets/EastScarpeBirds.png",
    "FromArea": { "X": 160, "Y": "{{birdVar}}", "Width": 128, "Height": 32},
    "ToArea":   { "X": 0, "Y": 96, "Width": 128, "Height": 32},
    "When":{ "LocationName": "EastScarpe" },
	"Update": "OnLocationChange"
                        },
{   "LogName": "Replace crested blue bird part 1",
    "Action": "EditImage",
    "Target": "TileSheets/Critters",
    "FromFile": "assets/EastScarpeBirds.png",
    "FromArea": { "X": 0, "Y": "{{birdVar}}", "Width": 160, "Height": 32},
    "ToArea":   { "X": 160, "Y": 128, "Width": 160, "Height": 32},
    "When":{ "LocationName": "EastScarpe"},
	"Update": "OnLocationChange"
            },
{  "LogName": "Replace crested blue bird part 2",
    "Action": "EditImage",
    "Target": "TileSheets/Critters",
    "FromFile": "assets/EastScarpeBirds.png",
    "FromArea": { "X": 160, "Y": "{{birdVar}}", "Width": 128, "Height": 32},
    "ToArea":   { "X": 0, "Y": 160, "Width": 128, "Height": 32},
    "When":{ "LocationName": "EastScarpe" },
	"Update": "OnLocationChange"    
    },
//Loads a blank template so NPC creators can EditData in their own events without creating conflicts
{ "LogName": "Events for East Scarpe",
    "Action": "Load",
    "Target": "Data/Events/EastScarpe",
    "FromFile": "assets/EastScarpeEvents.json"
    },               
//TileData messages
{    "Action": "EditData",
    "Target": "Strings/StringsFromMaps",
    "Entries": {    "EastScarpe.00": "@ Pelican Town Center^East Scarpe >",
                    "EastScarpe.1": "Residence of Dr. Jacob Trenton, DVM.",
                    "EastScarpe.2": "\"Dearest Delilah, taken too soon, forever in our hearts.\" It looks well tended.",
                    "EastScarpe.3": "A strange and unpleasant smell wafts out from the depths: a mixture of shadows, smoke and something deeper, something darker. You decide it's safest not to venture further",
                    "EastScarpe.4": "Yuck! It's half full of bits of fish and a disgusting oozy liquid.",
                    "EastScarpe.5": "It's an older boat, but very well cared for. There are fish heads in the bottom.",
                    "EastScarpe.6": "This looks exactly like the sort of bridge a troll might live under.",
                    "EastScarpe.7": "You cast your eyes out across the shimmering waters, somewhere out there are the Fern Islands. Perhaps one day you'll get to visit them.",
                    "EastScarpe.8": "A tabby cat glares at you. She looks frightened. Better leave her alone.",
                    "EastScarpe.9": "You push open the door and peer in. There's nothing inside except a chair, a tattered notebook and a pair of binoculars. There's a long narrow opening facing out into the forest.",
                    "EastScarpe.10": "It's an old silo, converted into a house. Who could live here? Sadly, the door is locked.",
                    "EastScarpe.11": "The writing is worn and hard to read, you can just make out, 'Cher   Orc   '.",
                    "EastScarpe.12": "The rope looks a bit frayed. It might not hold your weight.",
		    "EastScarpe.13": "A strange fishy aroma wafts up from the depths.",
		    "EastScarpe.14": "East Scarpe Swimming Beach^^* Enter the water between the posts only.^* Swimming at your own risk.^* No lifeguard on duty.^* No changing room facilities, but you can use this rock (or just enter the water).",
                    "EloiseFall.1": "Eloise's Diary: \"I love fall! It's so pretty.\"",
                    "EloiseFall.2": "\"I saw a toucan! He cracked pinenuts with his big beak! I wish I had a proper camera.\"",
                    "EloiseFall.3": "Between 'Birds of the Ferngill Republic' and 'Our feathered friends', you find a battered paperback.",
                    "EloiseWinter.1": "Eloise's Diary: \"Winter is cold! I hope Sora is keeping warm. I should send him something for Winter Star, but they don't celebrate it in GR.\"",
                    "EloiseWinter.2": "\"The cardinals are very noisy! They travel in big flocks. I saw heaps on the beach yesterday!",
                    "EloiseWinter.3": "Mostly field guides to birds of the Ferngill region, and a battered book about a girl and a forgotten garden.",
                    "EloiseSpring.1": "\"I got a letter from Sora! He's fine but his family had to leave their home. He's staying with his aunt. I wish he could come stay with me. We've got heaps of space! And papa wouldn't mind.\"",
                    "EloiseSpring.2": "\"I love blue jays! They're so naughty! One stole Papa's sandwich right out of his hand!\"",
                    "EloiseSpring.3": "Mostly field guides to birds of the Ferngill region, and a battered book about a girl and a forgotten garden.",
                    "EloiseSummer.1": "Eloise's Diary: \" I wrote a letter to Sora. I hope he writes back soon!\"",
                    "EloiseSummer.2": "\"No birds today :( I was hoping to see a woodpecker.\"",
                    "EloiseSummer.3": "Mostly field guides to birds of the Ferngill region, and a battered book about a girl and a forgotten garden.",
                    "VetHouse.01": "Sir Flufflekins the first wrinkles his nose and regards you suspiciously.",
                    "VetHouse.02": "\"Rawk! Who's a pretty boy then?\"",
                    "VetHouse.03": "They're all postmarked from the Gotoro Republic. Eloise must write to a friend there.",
                    "VetHouse.04": "A selection of beautifully illustrated books about the flora and fauna of Stardew Valley.",
                    "VetHouse.05": "Looks like this chair's taken! Her Ladyship Princess Midnight the Third eyes you regally. You feel judged, and found wanting.",
                    "VetHouse.06": "Tiny colorful fish. It's very clean, but perhaps a little small? The fish seem restless.",
                    "VetHouse.07": "It's tuned to the natural history channel. There's a documentary playing on birds of the rainforest.",
                    "VetHouse.08": "It's filled with women's clothing, all neatly folded and packed with tissue paper. Either Dr. Jacob has diverse tastes, or they belonged to his wife.",
                    "VetHouse.09": "Very neatly organized, there's a full set of the Ferngill enclyopedias, plus textbooks on animal anatomy and behaviour.",
                    "VetHouse.10": "Ah, here's where all the paperbacks are hiding: From trillers, to horror, historic fiction and even a couple of romances; it's an eclectic range.",
                    "VetHouse.11": "Eloise's taste range from animal stories to tales of children solving mysteries. They're in surprisingly good condition.",
                    "VetHouse.12": "'The Mona Lisa Smile': obviously Dr Jacob indulges in fast-paced crime thrillers.",
                    "VetHouse.13": "The plants all look well cared for. And what was that skittering across the soil, a lizard?",
                    "VetHouse.14": "A large raccoon studies you warily. Its ears are tattered, like it's been in a fight with something.",
                    "VetHouse.15": "The screensaver shows a dark-haired woman and a toddler with pigtails. His wife and Eloise, you assume.",
                    "VetHouse.16": "Dr. Jacob's workbook:^There has been an increase in small animals brought in with contusions and crushed bones, suggesting the presence of predators in the area.",
                    "DeepDark.0": "The chest contains neatly folded children's clothing and an array of toys and books, all placed with loving care.",
                    "DeepDark.1": "\"Friends are the family we choose\"",
                    "DeepDark.2": "The ladder looks worn, the wood gouged with claw marks.",
                    "DeepDark.3": "This garden bed looks well tended, as though someone takes great pride in attending to it.",
                    "DeepDark.4": "A battered journal. The writing within is sloppy and almost impossible to read.",
                    "ESOrchard.0": "Beyond the barrels you can see a path leading off somewhere. But you can't get past them. Yet.",
                    "ESOrchard.1": "Looks like a storm washed it out - or perhaps torn away. Perhaps it could be repaired again?",
                    "ESOrchard.2": "The writing is worn by weather and age: \"Che ry Or ha d\" It's been scrawled over with the words \"BEWARE!\"",
                    "ESOrchard.3": "Don't look too close! These plates have been here for so long the food remnants have practically fossilized.",
                    "ESOrchard.4": "You can hear something scratching behind the door. It sounds much larger than a rat.",
                    "ESOrchard.6": "That wasn't there before... Doesn't look very safe either!",
                    "ESOrchard.7": "NO TRE SP SS RS",
			"ESMountainSC.1": "@Pelican Town center^East Scarpe >",
		    	"SeaCave.01": "A sweet, fruit aroma wafts out. It makes you think of home.",
			"SeaCave.03": "A sharp, bitter scent that makes your eyes water.",
			"SeaCave.04": "This vase looks very well crafted, although the glaze is slightly cracked.",
			"SeaCave.05": "A thick, smoky scent that catches in your throat, making you cought.",
			"SeaCave.06": "Finely made. Surely this belongs in a collection, not a sea cave!",
			"SeaCave.07": "These crystals seem a little tacky.",
			"SeaCave.08": "A thick, green gruel. Smells like kelp. The bowl is still slightly warm.",
			"SeaCave.09": "The label is water-marked and stained. But it seems to be about 20 years old, from Cherry Orchards.",
			"SeaCave.10": "Is this a dead end?",
			"SeaCave.13": "The boards are rotted away. It must have been here for years, maybe even decades.",
			"SeaCave.02": "The battered and broken doll stares up at you with blank eyes. Wait, did one move?^Oh, there's a crab living in one socket. That's creepy!"
                    }        },
/*{	"Action": "EditData", "Target": "Strings/schedules/Richie", "Entries": { "sleep.000": "%Richie is sleeping." }  },*/
//Compatibility Patches
//Herbert
{   "Action": "EditMap",
    "Target": "Maps/Town",
    "FromFile": "assets/Patches/TownHerbert-Core.tmx",
    "ToArea": { "X": 100, "Y": 91, "Width": 20, "Height": 13  },
    "When": { "HasMod |contains=tiger.herbmapss":true, "HasMod |contains=FlashShifter.StardewValleyExpandedALL":false }
    },
{   "Action": "EditMap",
    "Target": "Maps/Town",
    "FromFile": "assets/Patches/TownHerbert-SVE.tmx",
    "ToArea": { "X": 112, "Y": 95, "Width": 8, "Height": 9  },
    "When": {"HasMod |contains=FlashShifter.StardewValleyExpandedALL":true, "HasMod |contains=tiger.herbmapss":true  }
    },
{   "Action": "EditMap",
    "Target": "Maps/Town",
    "FromFile": "assets/Patches/TownHerbert-KIM.tmx",
    "ToArea": { "X": 100, "Y": 91, "Width": 20, "Height": 13  },
    "When": { "HasMod |contains=DaisyNiko.SVR2":false, "HasMod |contains=Karmylla.ImmersiveMaps":true, "HasMod |contains=tiger.herbmapss":true }
    },
{   "Action": "EditMap",
    "Target": "Maps/Town",
    "FromFile": "assets/Patches/TownHerbert-SDR2.tmx",
    "ToArea": { "X": 100, "Y": 91, "Width": 20, "Height": 13  },
    "When": { "HasMod |contains=DaisyNiko.SVR2":true, "HasMod |contains=Karmylla.ImmersiveMaps":false, "HasMod |contains=tiger.herbmapss":true }
    },
{   "Action": "EditMap",
    "Target": "Maps/Town",
    "FromFile": "assets/Patches/TownHerbert-KIM.tmx",
    "ToArea": { "X": 100, "Y": 91, "Width": 20, "Height": 13  },
    "When": { "HasMod |contains=DaisyNiko.SVR2":true, "HasMod |contains=Karmylla.ImmersiveMaps":true, "HasMod |contains=tiger.herbmapss":true, "TownMap": "karmylla" }
    },
{   "Action": "EditMap",
    "Target": "Maps/Town",
    "FromFile": "assets/Patches/TownHerbert-SDR2.tmx",
    "ToArea": { "X": 100, "Y": 91, "Width": 20, "Height": 13  },
    "When": { "HasMod |contains=DaisyNiko.SVR2":true, "HasMod |contains=Karmylla.ImmersiveMaps":true,  "HasMod |contains=tiger.herbmapss":true, "TownMap": "default" }
    },
{   "Action": "EditMap",
    "Target": "Maps/Town",
    "FromFile": "assets/Patches/TownHerbert-Reimagined1.tmx",
    "ToArea": { "X": 100, "Y": 91, "Width": 20, "Height": 13  },
    "When": { "HasMod |contains=DaisyNiko.StardewValleyReimagined":true, "HasMod |contains=tiger.herbmapss":true, "TownMap": "default"  }
    },
{    "Action": "EditMap",
    "Target": "Maps/Town",
    "FromFile": "assets/Patches/TownHerbert-core.tmx",
    "ToArea": { "X": 100, "Y": 91, "Width": 20, "Height": 13  },
    "When": {  "HasMod |contains=tiger.herbmapss":true,  "TownMap": "vanilla" }
    },
{    "Action": "EditMap",
    "Target": "Maps/Herbertsproperty",
    "MapProperties": { "Warp": "-1 30 Town 119 100 -1 31 Town 119 101" },
    "When": { "HasMod |contains=tiger.herbmapss":true }
     },
{	"Action": "Include",
	"FromFile": "assets/KayaSkin.json",
	"When": {"Skin":"Kaya"}
	},
{	"Action": "Include",
	"FromFile": "assets/Lexi.json"
	}

]			
}