{
    "Changes": [
        {
            "Action": "EditData",
            "Target": "Characters/schedules/Jasper",
            "Entries": {
                "marriage_Wed": "MAIL Jasper_Penny/GOTO marriage_Wed_NoTute/800 BusStop 3 22 1/840 CommunityCenter 12 12 3 \"Strings\\schedules\\Jasper:marriage_kisch2\"/1020 CommunityCenter 15 19 2 \"Strings\\schedules\\Jasper:Wednesday_{{Random:Sch1, Sch2, Sch3}}\"/1400 Forest 75 50 2 \"Strings\\schedules\\Jasper:marriage_{{Random:For1, For2, For3}}\"/1930 BusStop -1 23 3",
                "marriage_Wed_NoTute": "800 BusStop 3 22 1/840 CommunityCenter 12 12 3 \"Strings\\schedules\\Jasper:marriage_kisch1\"/1030 ArchaeologyHouse 4 10 0 \"Strings\\schedules\\Jasper:marriage_AH2\"/1550 Town 83 97 3/1620 Town 87 103 2/2000 BusStop -1 23 3",
                "marriage_Fri": "MAIL Dwarf_Friend/GOTO marriage_Fri_NoDwarf/800 BusStop 33 22 3/920 Town 50 22 1 \"Strings\\schedules\\Jasper:marriage_kisch1\"/1100 Mountain 45 8 1/1300 Mine 42 7 1 \"Strings\\schedules\\Jasper:marriage_Dw1\"/1600 SamHouse 4 5 3/2000 BusStop -1 23 3",
                "marriage_Fri_NoDwarf": "800 BusStop 33 22 3/920 Town 50 22 1 \"Strings\\schedules\\Jasper:marriage_kisch1\"/1000 Mountain 45 8 1/1300 AdventureGuild 7 12 3 \"Strings\\schedules\\Jasper:marriage_Adv1\"/1600 SamHouse 4 5 3/2000 BusStop -1 23 3"
            }
        },
        {
            "LogName": "FirstChild schedules",
            "Action": "EditData",
            "Target": "Characters/schedules/{{Loe2run.ChildToNPC/FirstChildName}}",
            "Entries": {
                "Tue": "800 CommunityCenter 11 12 1/1100 CommunityCenter 15 21 0 child_sit/1400 Town 83 98 3/1620 Town 17 90 3/1740 SamHouse 3 5 2/2000 SamHouse 9 22 1",
                "Wed": "MAIL Jasper_Penny/GOTO Wed_NoTute/800 BusStop 4 22 3/840 CommunityCenter 11 12 1 \"Strings\\schedules\\Jasper:kid1_school2\"/1100 CommunityCenter 15 21 0 child_sit/1400 Forest 74 50 2/1930 BusStop -1 23 3",
                "Wed_NoTute": "800 BusStop 3 22 1/840 CommunityCenter 11 12 1 \"Strings\\schedules\\Jasper:kid1_school1\"/1020 CommunityCenter 15 21 0 child_sit/1400 Town 83 98 3/1620 Town 88 103 2/1830 BusStop -1 23 3",
                "Fri": "800 Town 51 22 3 \"Strings\\schedules\\Jasper:kid1_school1\"/1000 CommunityCenter 15 21 0 child_sit/1400 Town 83 98 3/1620 Town 17 91 3/1740 SamHouse 3 5 2/2000 BusStop -1 23 3"
            }
        }
    ]
}