{
	"Format": "1.17",
	"Changes": [
		{
			"LogName": "NPC Manifestation",
			"Action": "EditData",
			"Target": "Data/NPCDispositions",
			"Entries": {
				"Jacob": "adult/polite/shy/positive/male/not-datable/null/Town/summer 27/Eloise 'darling daughter'/VetHouse 19 4/Jacob",
				"Eloise": "child/polite/outgoing/positive/female/not-datable/null/Town/spring 22/Jacob 'dad'/VetHouse 33 23/Eloise"
			}
		},
		{
			"LogName": "NPC Gift Tastes",
			"Action": "EditData",
			"Target": "Data/NPCGiftTastes",
			"Entries": {
				"Jacob": "Thank you! I love it./205 210 241 282/Thanks, this is great./344 342 350 395/Thanks... it's the thought that counts, I guess.../16 800/I'm not sure why you're giving me this? Is this a prank?/232 250/Many thanks!//",
				"Eloise": "Oh! I love it. You're the bestest!/18 221 444 394 107/Thanks, this is wicked!/-2 113 174 176 180 223 442 233/I don't like this./-4/Ewww, this is gross!/88 190 236 346 395 800/Thank you for the kind gift.//"
			}
		},
		//Jacob loves survival burger, hashbrowns, fried mushroom, cranberries. Likes jelly, pickles, juice, coffee. Dislikes horse radish, blobfish. Hates rice pudding, kale.
		//Eloise loves: daffodil, rainbow shell, duck feathers, pink cake, dinosaur egg
		//likes chicken statue, cookies, eggs, ice cream, gemstones
		//Dislikes fish, hates blobfish, cauliflower, coconut, coffee, beer
		{
			"LogName": "Animations",
			"Action": "EditData",
			"Target": "Data/animationDescriptions",
			"Entries": {
				"Eloise_kneel": "8/16/8",
				"Eloise_read": "8 17/18 18 18 18 18 18 18 18 18 18 18 18 18 18 18 19 19 19 19 19 19/8",
				"Eloise_write": "27/27 27 27 27 27 27 27 27 27 27 24 24 24 24 24 24 25 25 26 26 24 25 26 25 24 24 24 24 24 25 25 25 24 25 26 26 26 26 25 24 24 27 27 27 27 27 27 27 24 24 25 25 26 26 25 25 24 24/27",
				"ducknpc_sleep": "16/17/16",
				"ducknpc_eat": "20/22 22 22 22 22 23 23 23 23 23 23 21 21 21 21 21/20"
			}
		},
		//Jacob
		{
			"LogName": "Jacob Portraits",
			"Action": "Load",
			"Target": "Portraits/Jacob, Characters/Jacob",
			"FromFile": "assets/{{Target}}/Jacob.png"
		},
		{
			"LogName": "Jacob Portraits",
			"Action": "EditImage",
			"Target": "Portraits/Jacob, Characters/Jacob",
			"FromFile": "assets/{{Target}}/Jacob_{{season}}.png",
			"When": {
				"season": "summer, fall, winter"
			}
		},
		//Eloise			
		{
			"LogName": "Eloise Everyday Wear",
			"Action": "Load",
			"Target": "Portraits/Eloise, Characters/Eloise",
			"FromFile": "assets/{{Target}}/Eloise_spring_2.png"
		},
		{
			"LogName": "Eloise Dress",
			"Action": "EditImage",
			"Target": "Portraits/Eloise, Characters/Eloise",
			"FromFile": "assets/{{Target}}/Eloise_{{season}}_1.png",
			"When": {
				"DayofWeek": "Tuesday, Wednesday, Friday"
			}
		},
		{
			"LogName": "Eloise Sprites",
			"Action": "EditImage",
			"Target": "Characters/Eloise, Portraits/Eloise",
			"FromFile": "assets/{{Target}}/Eloise_{{season}}_2.png",
			"When": {
				"DayofWeek": "Monday, Thursday, Saturday, Sunday"
			}
		},
		{
			"LogName": "Eloise Sprites",
			"Action": "EditImage",
			"Target": "Characters/Eloise, Portraits/Eloise",
			"FromFile": "assets/{{Target}}/Eloise_rain.png",
			"Update": "OnLocationChange",
			"When": {
				"IsOutdoors": true,
				"Weather": "rain, storm"
			}
		},
		// Dialogue
		{
			"LogName": "Dialogue",
			"Action": "Load",
			"Target": "Characters/Dialogue/Eloise, Characters/Dialogue/Jacob",
			"FromFile": "assets/{{Target}}/Dialogue.json"
		},
		{
			"LogName": "Schedule",
			"Action": "Load",
			"Target": "Characters/schedules/Eloise,Characters/schedules/Jacob",
			"FromFile": "assets/{{Target}}/Schedule.json"
		},
		{
			"LogName": "Schedule",
			"Action": "EditData",
			"Target": "Characters/schedules/Eloise",
			"Entries": {
				"spring": "610 VetHouse 30 14 1/700 EastScarpe 42 40 2/730 Town 100 95 1 \"Strings\\schedules\\Eloise:tuesday.005\"/930 SamHouse 3 13 2 Eloise_read \"Strings\\schedules\\Eloise:tuesday.001\"/1400 Town 15 72 0 \"Strings\\schedules\\Eloise:tuesday.002\"/1700 SamHouse 4 8 0 \"Strings\\schedules\\Eloise:tuesday.003\"/1900 SamHouse 3 13 2 Eloise_read"
			},
			"When": {
				"Day": "23"
			}
		},
		{
			"LogName": "Rainy Day Dialogue",
			"Action": "EditData",
			"Target": "Characters/Dialogue/rainy",
			"Entries": {
				"Eloise": "I love the rain, don't you? Dad doesn't even mind if I stomp in puddles - as long as I wear my gumboots!",
				"Jacob": "Ellie gets so restless on rainy days, she hates being confined indoors. Between her and Pepper... well, let's just say I spend a lot of time mopping!"
			}
		},
		/*{   "Action": "EditData",
    "Target": "Strings/StringsFromMaps",
    "Entries": {
			   "VetHouse.01": "Sir Flufflekins the first wrinkles his nose and regards you suspiciously.",
			   "VetHouse.02": "\"Rawk! I'm the real macaw!\"",
			   "VetHouse.03": "They're all postmarked from the Gotoro Republic. Eloise must write to a friend there.",
			   "VetHouse.04": "A selection of beautifully illustrated books about the flora and fauna of Stardew Valley.",
			   "VetHouse.05": "Looks like this chair's taken! Her Ladyship Princess Midnight the Third eyes you regally. You feel judged, and found wanting.",
			   "VetHouse.06": "Tiny colorful fish. It's very clean, but perhaps a little small? The fish seem restless.",
			   "VetHouse.07": "It's tuned to the natural history channel. There's a documentary playing on birds of the rainforest.",
			   "VetHouse.08": "It's filled with women's clothing, all neatly folded and packed with tissue paper. Either Dr. Jacob has diverse tastes, or they belonged to his wife.",
			   "VetHouse.09": "Very neatly organized, there's a full set of the Ferngill enclyopedias, plus textbooks on animal anatomy and behaviour.",
			   "VetHouse.10": "Ah, here's where all the paperbacks are hiding: From thrillers, to horror, historic fiction and even a couple of romances; it's an eclectic range.",
			   "VetHouse.11": "Eloise's taste range from animal stories to tales of children solving mysteries. They're in surprisingly good condition.",
			   "VetHouse.12": "'The Mona Lisa Enigma': obviously Dr Jacob indulges in fast-paced crime thrillers.",
			   "Vethouse.13": "The plants all look well cared for. And what was that skittering across the soil, a lizard?",
			   "VetHouse.14": "A large raccoon studies you warily. Its ears are tattered, like it's been in a fight with something.",
			   "VetHouse.15": "The screensaver shows a dark-haired woman and a toddler with pigtails. His wife and Eloise, you assume.",
			   "VetHouse.16": "Dr. Jacob's workbook:^There has been an increase in small animals brought in with contusions and crushed bones, suggesting the presence of predators in the area."
                  }
},*/
		//Jas Schedule
		{
			"Action": "EditData",
			"Target": "Characters/schedules/Jas",
			"Entries": {
				"9": "NOT friendship Sam 6 Penny 6/900 AnimalShop 7 5 0/1100 Forest 38 10 3 \"Strings\\schedules\\Jas:ellie.000\"/1500 AnimalShop 17 15 3 jas_read/1900 AnimalShop 4 7 2/2100 AnimalShop 1 7 3 jas_sleep",
				"Tue": "900 ArchaeologyHouse 19 10 3 jas_read/1400 Town 85 103 2/1620 Town 16 91 0/1750 AnimalShop 4 7 2/2100 AnimalShop 1 7 3 jas_sleep"
			}
		},
		{
			"Action": "EditData",
			"Target": "Strings/schedules/Jas",
			"Entries": {
				"ellie.000": "Hear that noisy bird? It's a jerjar bird! He's my friend.$4"
			}
		},
		{
			"Action": "Load",
			"Target": "Strings/schedules/Eloise",
			"FromFile": "assets/Characters/Dialogue/EloiseStrings.json"
		},
		{
			"Action": "Load",
			"Target": "Strings/schedules/Jacob",
			"FromFile": "assets/Characters/Dialogue/JacobStrings.json"
		},
		{
			"LogName": "Adds LockedDoorWarp on Vet's Office",
			"Action": "EditMap",
			"Target": "Maps/VetHouse",
			"MapTiles": [
				{
					"Position": {
						"X": 5,
						"Y": 9
					},
					"Layer": "Buildings",
					"SetProperties": {
						"Action": "LockedDoorWarp 5 6 JacobOffice 2000 2600"
					}
				}
			],
			"When": {
				"DayofWeek": "Tuesday"
			}
		},
		{
			"LogName": "Adds LockedDoorWarp on Vet's Office",
			"Action": "EditMap",
			"Target": "Maps/VetHouse",
			"MapTiles": [
				{
					"Position": {
						"X": 5,
						"Y": 9
					},
					"Layer": "Buildings",
					"SetProperties": {
						"Action": "LockedDoorWarp 5 6 JacobOffice 800 1800"
					}
				}
			],
			"When": {
				"DayofWeek": "Monday, Wednesday, Thursday, Friday, Saturday, Sunday"
			}
		},
		{
			"LogName": "Adds LockedDoorWarp on Vet's Barn",
			"Action": "EditMap",
			"Target": "Maps/EastScarpe",
			"MapTiles": [
				{
					"Position": {
						"X": 14,
						"Y": 11
					},
					"Layer": "Buildings",
					"SetProperties": {
						"Action": "LockedDoorWarp 11 13 JacobBarn 800 1600"
					}
				}
			],
			"When": {
				"HasSeenEvent": "57870004"
			}
		},
		//Festivals
		{
			"Action": "Include",
			"FromFile": "assets/Festivals.json"
		},
		//Events
		{
			"Action": "Include",
			"FromFile": "assets/Events.json"
		},
		//Compatibility Patches
		{
			"LogName": "Schedule",
			"Action": "EditData",
			"Target": "Characters/schedules/Jacob",
			"Entries": {
				"22": "610 VetHouse 34 14 3/650 VetHouse 31 14 2/830 CommunityCenter 38 10 0/1300 CommunityCenter 32 14 3/1600 CommunityCenter 31 14 2/1700 CommunityCenter 35 17 3/1750 VetHouse 31 5 0/2200 VetHouse 20 4"
			},
			"When": {
				"HasSeenEvent": "191393",
				"HasMod": "FlashShifter.StardewValleyExpandedALL"
			}
		},
		{
			"LogName": "Schedule",
			"Action": "EditData",
			"Target": "Characters/schedules/Eloise",
			"Entries": {
				"22": "630 VetHouse 30 14 1/830 CommunityCenter 18 22 0 Eloise_kneel/1700 CommunityCenter 34 17 1/1750 VetHouse 31 5 0/2200 VetHouse 20 4"
			},
			"When": {
				"HasSeenEvent": "191393",
				"HasMod": "FlashShifter.StardewValleyExpandedALL"
			}
		},
		{
			"LogName": "Randy Dialogue",
			"Action": "EditData",
			"Target": "Characters/Dialogue/Eloise",
			"Entries": {
				"Town_88_103": "Hello farmer @! I'm helping Randy with his reading.#$b#(whispers) But I'm not sure he really understands how books work.$1"
			},
			"When": {
				"HasSeenEvent": "47360003",
				"DayofWeek": "Tuesday"
			}
		},
		{
			"LogName": "Randy Dialogue",
			"Action": "EditData",
			"Target": "Characters/Dialogue/Randy",
			"Entries": {
				"Town_87_103": "Hi! Ellie is new friend! She very smart!#$b#But sometimes treat Randy like me stupid.$s#$b#And that make Randy sad. Cos Randy not stupid, no?$2"
			},
			"When": {
				"DayofWeek": "Tuesday"
			}
		},
		{
			"LogName": "Eloise reacts",
			"Action": "EditData",
			"Target": "Characters/Dialogue/Eloise",
			"Entries": {
				"EastScarpe_55_89": "Did you know that {{random: if a starfish loses its arm it grows back?, some starfish can release venom so you've got to be careful not to touch them!, starfish eat by pushing their stomach out their mouth and over the prey!, starfish aren't fish at all so the name's silly!, starfish have no brain or blood?, starfish can live for 35 years!}}",
				"summer_28_2": "Are you going to come and see the jellies tonight, @?#$b#Did you know that {{random: jellyfish don't have any brains but can smell and detect light, jellyfish don't poop - they throop!, some jellyfish have nasty stings and can kill you, jellyfish are eaten by lots of sea creatures, some jellyfish live forever by going back to being babies again!}}"
			}
		},
		{
			"LogName": "Leo-related Dialogue",
			"Action": "EditData",
			"Target": "Characters/Dialogue/Eloise",
			"Entries": {
				"summer_Mon8":"I found a really pretty feather for Leo today... I'm going to give it to him in class tomorrow. I really hope he likes it!$1",
				"Sat10":"Do you think Leo likes me?$3#$b#Sometimes I think he likes Jas better...$2",
				"fall_Tue10":"Isn't Leo cool? He can talk to birds! He's amazing.$1",
				"fall_26":"I hope Leo likes my costume for Spirit's Eve tomorrow.$3#$b#You'll be there too, right? Dad always looks forward to seeing you.$1",
				"summer_12":"Leo says the crested flamingos are a bit like the gembirds on his island.#$b#They sound really magical, I wish I could see them.$3"
			},
			"When": {
				"HasSeenEvent |contains=6497428": true
			}
		},
		{
			"Action": "Include",
			"FromFile": "assets/Aideen.json"
		},
	]
}