{
 "ForageSpawnEnabled": true,
 "LargeObjectSpawnEnabled": false,
 "OreSpawnEnabled": false,
 "MonsterSpawnEnabled": true,
 "Forage_Spawn_Settings": {
  "Areas": [
   {
    "SpringItemIndex": [
     16,
     20,
     22,
     257
    ],
    "SummerItemIndex": [
     396,
     398,
     402,
     404
    ],
    "FallItemIndex": [
     281,
     404,
     420,
     422
    ],
    "WinterItemIndex": [],
    "UniqueAreaID": "EastScarpeLand",
    "MapName": "EastScarpe",
    "MinimumSpawnsPerDay": 1,
    "MaximumSpawnsPerDay": 3,
    "IncludeTerrainTypes": [],
    "ExcludeTerrainTypes": [],
    "IncludeCoordinates": [
     "0,0/76,79"
    ],
    "ExcludeCoordinates": [
     "0,53/12,89"
    ],
    "StrictTileChecking": "High",
    "SpawnTiming": {
     "StartTime": 600,
     "EndTime": 600,
     "MinimumTimeBetweenSpawns": 10,
     "MaximumSimultaneousSpawns": null,
     "OnlySpawnIfAPlayerIsPresent": false,
     "SpawnSound": ""
    },
    "ExtraConditions": {
     "Years": [],
     "Seasons": [],
     "Days": [],
     "WeatherYesterday": [],
     "WeatherToday": [],
     "WeatherTomorrow": [],
     "LimitedNumberOfSpawns": null
    },
    "DaysUntilSpawnsExpire": 7
   },
   {
    "SpringItemIndex": [
     372,
     718,
     719,
     723
    ],
    "SummerItemIndex": [
     372,
     394,
     718,
     719,
     723
    ],
    "FallItemIndex": [
     372,
     718,
     719,
     723
    ],
    "WinterItemIndex": [
     392,
     718,
     719,
     723
    ],
    "UniqueAreaID": "EastScarpeBeach",
    "MapName": "EastScarpe",
    "MinimumSpawnsPerDay": -1,
    "MaximumSpawnsPerDay": 3,
    "IncludeTerrainTypes": [
     "Diggable",
     "Grass"
    ],
    "ExcludeTerrainTypes": [],
    "IncludeCoordinates": [
     "0,98/66,123",
     "40,79/67,103"
    ],
    "ExcludeCoordinates": [],
    "StrictTileChecking": "Medium",
    "SpawnTiming": {
     "StartTime": 600,
     "EndTime": 600,
     "MinimumTimeBetweenSpawns": 10,
     "MaximumSimultaneousSpawns": null,
     "OnlySpawnIfAPlayerIsPresent": false,
     "SpawnSound": ""
    },
    "ExtraConditions": {
     "Years": [],
     "Seasons": [
      "Summer"
     ],
     "Days": [
      "12-15"
     ],
     "WeatherYesterday": [
      "Rain",
      "Storm"
     ],
     "WeatherToday": [],
     "WeatherTomorrow": [],
     "LimitedNumberOfSpawns": null
    },
    "DaysUntilSpawnsExpire": 7
   }
  ],
  "PercentExtraSpawnsPerForagingLevel": 1,
  "SpringItemIndex": [
   16,
   20,
   22,
   257
  ],
  "SummerItemIndex": [
   396,
   398,
   402,
   404
  ],
  "FallItemIndex": [
   281,
   404,
   420,
   422
  ],
  "WinterItemIndex": [],
  "CustomTileIndex": []
 },
 "Large_Object_Spawn_Settings": {
  "Areas": [],
  "CustomTileIndex": []
 },
 "Ore_Spawn_Settings": {
  "Areas": [],
  "PercentExtraSpawnsPerMiningLevel": 0,
  "MiningLevelRequired": {
   "Stone": 0,
   "Geode": 0,
   "FrozenGeode": 0,
   "MagmaGeode": 0,
   "Gem": 0,
   "Copper": 0,
   "Iron": 0,
   "Gold": 0,
   "Iridium": 0,
   "Mystic": 0,
   "Diamond": 0,
   "Ruby": 0,
   "Jade": 0,
   "Amethyst": 0,
   "Topaz": 0,
   "Emerald": 0,
   "Aquamarine": 0
  },
  "StartingSpawnChance": {
   "Stone": 0,
   "Geode": 0,
   "FrozenGeode": 0,
   "MagmaGeode": 0,
   "Gem": 0,
   "Copper": 0,
   "Iron": 0,
   "Gold": 0,
   "Iridium": 0,
   "Mystic": 0,
   "Diamond": 0,
   "Ruby": 0,
   "Jade": 0,
   "Amethyst": 0,
   "Topaz": 0,
   "Emerald": 0,
   "Aquamarine": 0
  },
  "LevelTenSpawnChance": {
   "Stone": 0,
   "Geode": 0,
   "FrozenGeode": 0,
   "MagmaGeode": 0,
   "Gem": 0,
   "Copper": 0,
   "Iron": 0,
   "Gold": 0,
   "Iridium": 0,
   "Mystic": 0,
   "Diamond": 0,
   "Ruby": 0,
   "Jade": 0,
   "Amethyst": 0,
   "Topaz": 0,
   "Emerald": 0,
   "Aquamarine": 0
  },
  "CustomTileIndex": []
 },
 "Monster_Spawn_Settings": {
  "Areas": [
   {
    "MonsterTypes": [
     {
      "MonsterName": "Rock Crab",
      "Settings": {}
     },
     {
      "MonsterName": "Lava Crab",
      "Settings": {}
     }
    ],
    "UniqueAreaID": "EastScarpe monster area 1",
    "MapName": "EastScarpe",
    "MinimumSpawnsPerDay": 5,
    "MaximumSpawnsPerDay": 20,
    "IncludeTerrainTypes": [],
    "ExcludeTerrainTypes": [],
    "IncludeCoordinates": [
     "39,81/66,124"
    ],
    "ExcludeCoordinates": [],
    "StrictTileChecking": "Maximum",
    "SpawnTiming": {
     "StartTime": 1800,
     "EndTime": 2600,
     "MinimumTimeBetweenSpawns": 10,
     "MaximumSimultaneousSpawns": 5,
     "OnlySpawnIfAPlayerIsPresent": false,
     "SpawnSound": "clank"
    },
    "ExtraConditions": {
     "Years": [],
     "Seasons": [
      "Fall"
     ],
     "Days": [],
     "WeatherYesterday": [],
     "WeatherToday": [],
     "WeatherTomorrow": [],
     "LimitedNumberOfSpawns": null
    },
    "DaysUntilSpawnsExpire": null
   }
  ],
  "CustomTileIndex": []
 },
 "QuarryTileIndex": [
  556,
  558,
  583,
  606,
  607,
  608,
  630,
  635,
  636,
  680,
  681,
  685
 ],
 "File_Conditions": {
  "FarmTypes": [],
  "FarmerNames": [],
  "SaveFileNames": [],
  "OtherMods": {}
 }
}