																			

{	
	"Tue": "610 VetHouse 34 14 3/650 VetHouse 31 14 2/700 EastScarpe 40 40 2/730 Town 101 95 3 \"Strings\\schedules\\Jacob:tuesday.000\"/930 VetHouse 5 12 2/1140 JacobOffice 5 5 0/1800 VetHouse 31 5 0/2200 VetHouse 20 4",
	"rain": "GOTO spring",
	"winter_17": "610 VetHouse 34 14 3/650 VetHouse 31 14 2/730 Town 101 95 3 \"Strings\\schedules\\Jacob:tuesday.001\"/1000 EastScarpe 19 15 0/1410 Town 101 95/1620 Beach 45 23 2 \"Strings\\schedules\\Jacob:winter_17.000\"/2100 VetHouse 20 4 2",
	"Wed": "610 VetHouse 34 14 3/650 VetHouse 31 14 2/700 EastScarpe 40 40 2/730 Town 101 95 3 \"Strings\\schedules\\Jacob:tuesday.001\"/1000 EastScarpe 19 15 0/1620 EastScarpe 19 67 1/1800 VetHouse 23 15 0/2000 VetHouse 31 5 0/2200 VetHouse 20 4",
	"Fri": "610 VetHouse 34 14 3/650 VetHouse 31 14 2/700 EastScarpe 40 40 2/730 Town 101 95 3 \"Strings\\schedules\\Jacob:tuesday.001\"/1000 Forest 26 13 0 \"Strings\\schedules\\Jacob:friday.001/1300 AnimalShop 11 16 1 \"Strings\\schedules\\Jacob:friday.002\"/1500 Town 101 95 3/1620 EastScarpe 19 67 1/1800 VetHouse 23 15 0/2000 VetHouse 31 5 0/2200 VetHouse 20 4",
	"Sat": "700 VetHouse 34 14 3/900 EastScarpe 19 15 0/1100 EastScarpe 33 97 2 \"Strings\\schedules\\Jacob:saturday.001\"/1350 Town 55 72 0/1740 EastScarpe 40 40 2/1950 VetHouse 23 15 0/2100 VetHouse 20 4 2",
	"Sun": "700 VetHouse 34 14 3/900 EastScarpe 19 15 0/1100 EastScarpe 25 9 0/1200 EastScarpe 27 36/1300 EastScarpe 54 88 2/1800 VetHouse 31 5 0/22 VetHouse 20 4",
	"spring":"700 VetHouse 34 14 3/900 EastScarpe 19 15 0/1200 VetHouse 5 23 2/1400 VetHouse 8 23 0/1600 VetHouse 23 15 0/1700 VetHouse 31 5 0/2200 VetHouse 20 4"
}


