{"5599026/p Jasper/f Randy 500/t 800 1200":"archaeo/16 12/Randy 19 19 0 Jasper 14 5 0 farmer 9 14 0/skippable/addMailReceived Randy_Jasper/move Randy 0 -2 0/move Randy -1 0 0/move Randy 0 -1 0/faceDirection Randy 1/pause 500/faceDirection Randy 3/pause 500/faceDirection Randy 0/jump Randy 1/emote Randy 16/pause 500/speed Randy 5/move Randy 0 -3 0/textAboveHead Randy \"Coffee?\"/speed Randy 5/move Randy 3 0 0/playSound openBox/pause 500/playSound clank/textAboveHead Randy \"Coffee!!\"/jump Jasper 3/faceDirection Jasper 2/emote Jasper 8/move Jasper 0 5 2/playSound doorOpen/doAction 14 11/pause 500/move Jasper 0 3 1/faceDirection Randy 3/jump Randy 7/speed Randy 5/move Randy 0 1 0/shake Randy 1500/move Jasper 3 0 1/textAboveHead Jasper \"Hello?\"/speak Jasper \"Is someone there?$2\"/pause 500/shake Randy 1500/emote Randy 28/move Jasper 2 0 1/speak Jasper \"You can come out. I am not going to hurt you!\"/textAboveHead Randy \"Randy scared.\"/pause 2000/textAboveHead Jasper \"It's okay.\"/move Randy 0 -1 3/speak Randy \"Hi! I am Randy. What your name? You Charlie-friend?#$b#Randy is sorry I dunked your coffee.$2\"/pause 500/jump Jasper 3/textAboveHead Jasper \"A slime?\"/pause 4000/emote Jasper 40/speak Jasper \"Hello Randy. My name is Jasper, Professor Jasper. I'm pleased to meet you!$1#$b#And you are welcome to the coffee, it is here for all of us.\"/jump Randy 5/speak Randy \"You not scare of me? Other person... she see me... say 'eek!', run away fast!$2#$b#Make Randy sad... Randy just want be friends.#2#$b#Can we be friends, Jasper professor?$1\"/emote Jasper 32/speak Jasper \"Of course! I would be delighted to be friends with you, Randy.$3\"/emote Randy 32/speak Randy \"New friend! Randy is happy!$1\"/emote Jasper 20/speak Jasper \"Jasper is happy too.$3#$b#Now would my new friend like some cookies to go with his coffee? I think I have some shortbread somewhere...$1\"/jump Randy 5/pause 1000/end"
}         

{
    "5599026/p Jasper/f Randy 500/t 800 1200": "archaeo/16 12/Randy 19 19 0 Jasper 14 5 0 farmer 9 14 0/skippable/addMailReceived Randy_Jasper/move Randy 0 -2 0/move Randy -1 0 0/move Randy 0 -1 0/faceDirection Randy 1/pause 500/faceDirection Randy 3/pause 500/faceDirection Randy 0/jump Randy 1/emote Randy 16/pause 500/speed Randy 5/move Randy 0 -3 0/textAboveHead Randy \"Coffee?\"/speed Randy 5/move Randy 3 0 0/playSound openBox/pause 500/playSound clank/textAboveHead Randy \"Coffee!!\"/jump Jasper 3/faceDirection Jasper 2/emote Jasper 8/move Jasper 0 5 2/playSound doorOpen/doAction 14 11/pause 500/move Jasper 0 3 1/faceDirection Randy 3/jump Randy 7/speed Randy 5/move Randy 0 1 0/shake Randy 1500/move Jasper 3 0 1/textAboveHead Jasper \"Hello?\"/speak Jasper \"{{i18n:event-5599026.01}}\"/pause 500/shake Randy 1500/emote Randy 28/move Jasper 2 0 1/speak Jasper \"{{i18n:event-5599026.02}}\"/textAboveHead Randy \"Randy scared.\"/pause 2000/textAboveHead Jasper \"It's okay.\"/move Randy 0 -1 3/speak Randy \"{{i18n:event-5599026.03}}\"/pause 500/jump Jasper 3/textAboveHead Jasper \"A slime?\"/pause 4000/emote Jasper 40/speak Jasper \"{{i18n:event-5599026.04}}\"/jump Randy 5/speak Randy \"{{i18n:event-5599026.05}}\"/emote Jasper 32/speak Jasper \"{{i18n:event-5599026.06}}\"/emote Randy 32/speak Randy \"{{i18n:event-5599026.07}}\"/emote Jasper 20/speak Jasper \"{{i18n:event-5599026.08}}\"/jump Randy 5/pause 1000/end"
  } 
  
  i18n
      "event-5599026.01": "Is someone there?$2",
      "event-5599026.02": "You can come out. I am not going to hurt you!",
      "event-5599026.03": "Hi! I am Randy. What your name? You Charlie-friend?#$b#Randy is sorry I dunked your coffee.$2",
      "event-5599026.04": "Hello Randy. My name is Jasper, Professor Jasper. I'm pleased to meet you!$1#$b#And you are welcome to the coffee, it is here for all of us.",
      "event-5599026.05": "You not scare of me? Other person... she see me... say 'eek!', run away fast!$2#$b#Make Randy sad... Randy just want be friends.#2#$b#Can we be friends, Jasper professor?$1",
      "event-5599026.06": "Of course! I would be delighted to be friends with you, Randy.$3",
      "event-5599026.07": "New friend! Randy is happy!$1",
      "event-5599026.08": "Jasper is happy too.$3#$b#Now would my new friend like some cookies to go with his coffee? I think I have some shortbread somewhere...$1", 
  