{
    "Changes": [
{
    "LogName": "Farm Events", 
	"Action": "EditData",
	"Target": "Data/Events/Farm",
	"Entries": {

    "50709911/t 600 1130/f Jasper 1500": "continue/64 15/farmer 64 16 2 Jasper 64 18 0/addConversationTopic JasperGone1 7/addConversationTopic JasperGone2 14/skippable/pause 1500/speak Jasper \"Um, good morning, @. I just thought I'd drop by and let you know I'll be gone for a while.$4/\"/pause 500/emote farmer 8/pause 500/speak Jasper \"Yes... I have decided that the only way I can restore my reputation - (and prove Peasbody wrong!) - is to find the dwarves.\"/pause 500/emote farmer 16/pause 500/speak Jasper \"Please do not fear for my safety, @. I have entered the caves on many an occasion - and I know how to use my sword.\"/pause 500/faceDirection Jasper 3/pause 500/emote Jasper 28/pause 500/faceDirection Jasper 0/pause 500/speak Jasper \"I wanted you to have this as a small token of my esteem, and gratitude for our friendship.$4 [524]#$b#In case... well.$s\"/pause 500/faceDirection Jasper 1/pause 500/faceDirection Jasper 0/pause 500/speak Jasper \"No, I shall be back! I shall return with evidence that will wipe that knowing smirk from Peasbody's face.$5\"/emote farmer 28/pause 500/speak Jasper \"Thank you, @. For all that you have done for me. And, if Yoba wills it, I shall see you in a few days.#$b#Fare thee well, my friend\"/pause 500/end invisible Jasper",
    "50709912/e 50709911/A JasperGone1": "continue/64 15/farmer 64 16 2 Gunther 64 18 0/skippable/pause 1500/speak Gunther \"Oh, good morning Mr. @!^Oh, good morning, Ms. @!#$b#I'm sorry to interrupt your day, but I am very concerned about our mutual friend.\"/pause 500/emote farmer 8/pause 500/speak Gunther \"I mean our foolhardy Professor Jasper... I tried to caution him against heading into the caves alone... but he insisted.\"/pause 500/faceDirection Gunther 2/pause 500/faceDirection Gunther 0/pause 500/speak Gunther \"The caves are dangerous - as I am sure you will testify, @! And I'm worried something terrible has happened to him.\"/pause 500/emote farmer 28/pause 500/speak Gunther \"I have heard that you explore the caves, @. So please, keep watch for him.\"/pause 500/emote farmer 60/pause 500/end",
    "50709913/e 50709911/A JasperGone2/x Jasper_Peasbody1 true": "null",
    "50709915/e 50709914/A JasperHurt/x Jasper_Home true": "null",
    "50709916/e 50709915/A JasperHome1/x Jasper_Home1 true": "null",
    "50709917/e 50709916/A JasperHome2/x Jasper_Home2 true": "null",
    "50709918/e 50709917/A JAsperHome3/x Jasper_Home3 true": "null"
}
},

{
    "LogName": "NPC Manifestation",
    "Action": "EditData",
    "Target": "Data/NPCDispositions", 
    "Entries": { 
    
        "Jasper": "adult/polite/shy/neutral/male/datable/null/Town/fall 8/Marlon '' Gunther '' Wizard ''/Mountain 88 7/Jasper"		
            },
            "When": {
                "HasSeenEvent:50709911": true,
                "HasSeenEvent:50700915": false
            }
            
        },
{		
    "LogName": "Jasper Sprites", 
    "Action": "Load",
    "Target": "Characters/Jasper",
    "FromFile": "assets/Image/JasperGone.png",			
    "When": {
        "HasSeenEvent:50709911": true,
        "HasSeenEvent:50700914": false
            }
},

{   "Action": "EditData",
    "Target": "Data/mail",
    "Entries":{ 
        "Jasper_Peasbody1": "Hello farmer,^We've never met, but I'm reaching out to you because I'm concerned about our mutual friend, Prof. Jasper Thomas. He's a hot-headed fanatic, and I've heard rumors that he's gone off into the caves following a 'white rabbit' - and, in all likelihood, got himself killed. Despite what I'm sure he's told you (since we parted rather unamicably), I've never wished harm upon him. But then again... he was always a bit of a stubborn fool, and never inclined to leave well alone what should be left alone!^I'm sorry, this isn't a threat! It's merely an expression of concern. Please, if you've found him - alive or dead - I'd appreciate you letting me know. Because we were friends once and, truth be told, I still care for the pig-headed fool.^^Regards, ^Professor Cameron Peasbody.[#]Peasbody's Letter",
        "Jasper_Home": "Greetings @,^I am truly indebted to you. That you would find me, and bring me home. Or what is left of me. The infection has left me a shadow of my former self, and the injury was as dire as I feared... I hope it shall not come as too much as a shock to you, my friend.^^I am home now, in what Gunther has uncharitably labelled \"house arrest\". I suspect I shall achieve a great deal of writing, and possibly some reading too.^^Your company would, as always, be greatly appreciated.^^Best wishes, Jasper.[#]Jasper is home.",
        "Jasper_Home1": "Dear @.^House arrest is starting to get tiresome. I miss the scent and the sound of the forest. I am becoming more adept with the wheelchair now, but alas it is problematic ascending and descending the stairs - for which Gunther has been very courteous in assisting - and once outside the ground proves treacherous and uneven. I am practicising my exercises every morning and evening, like a dutiful student, in the hope that soon I shall be at least somewhat ambulant once more.^^Yours truly, Jasper.[#]Jasper's correspondence.",
        "Jasper_Home2": "Greetings and salutations!^I hope things are going well for you on the farm, @, and that you are not yet weary of my correspondence. I have precious few friends in this world, and I do not wish to trouble them.^Speaking of friends - or should I say, fiends - I received a letter from Peasbody yesterday, which came as quite a surprise. It appears news of my injury has traveled up the grapevine. A card was sent, and the tone sounded almost conciliatory. But I do not want anyone's pity, least of all my nemesis's!^^Yours fondly, Jasper.[#]Jasper's correspondence.",
        "Jasper_Home3": "Hello @!^Excellent news, my dear friend! My wound has been examined, and found to have healed nicely, thus I have been fitted with a prosthetic. I have become bionic man! Ah, I jest, but it will be good to get back on my own two - well, one - foot again.     "
        }
}, 

{
    
		
		"LogName": "Schedule", 
		"Action": "EditData",
		"Target": "Characters/schedules/Harvey",
		"Entries": {
            "Thu": "730 Hospital 1 5 0/900 Hospital 5 5 2/1250 Hospital 10 14 2/1330 Hospital 5 5 2/1410 Hospital 5 6 3 harvey_examine_left/1550 Hospital 5 5 2/1610 Hospital 4 5 0/1630 Hospital 3 15 0/1800 HarveyRoom 9 5 0/2300 HarveyRoom 13 4 1 harvey_sleep"
                    },
		    "When": {
			"HasSeenEvent:50709915": true,
			"HasSeenEvent:50709918": false
			}	
	
    
    },


    {
	
        "LogName": "Mines map", 
        "Action": "Load",
        "Target": "Maps/MineIce",
        "FromFile": "assets/Image/MineIce.json"
            },
    {
	
        "LogName": "Mines map", 
        "Action": "Load",
        "Target": "Characters/InjuredJasper",
        "FromFile": "assets/Image/InjuredJasper.json"
                    },

{           
"LogName": "Mine Events", 
"Action": "EditData",
"Target": "Data/Events/Mine",
"Entries": {
    "507009914/e 507009912/f Jasper 1500": "Upper_Ambient/18 7/Harvey -100 -100 Jasper -100 -100 Dwarf -100 -100 0 farmer 18 14/addConversationTopic JasperHurt 3/addConversationTopic JasperHome1 7/addConversationTopic JasperHome2 14/addConversationTopic JasperHome3 21/skippable/pause 500/move farmer 0 -4 0/pause 500/playSound stairsdown/emote farmer 16/warp Dwarf 23 9/pause 500/move Dwarf -1 0 3/jump Dwarf/speed Dwarf 5/move Dwarf -4 0 2/pause 500/speak Dwarf \"Smolago! Omug!#$b#%They seem agitated - if only you could understand them!\"/pause 500/emote Dwarf 12/pause 500/speak Dwarf \"Oluh ga! Coga!\"/move Dwarf 2 0 1/faceDirection Dwarf 3/speak Dwarf \"Halagash! Omug!\"/emote Farmer 8/move farmer 0 -1 1/pause 500/faceDirection Dwarf 1/pause 500/move Dwarf 2 0 1/pause 500/move Dwarf 1 0 0/pause 500/warp Dwarf -100 -100/playSound stairsdown/pause 500/emote farmer 16/pause 500/speed farmer 7/move farmer 5 0 0/warp farmer -100 -100/viewport -1000 -1000/changeToTemporaryMap MineIce/warp Dwarf 11 11/warp farmer 15 8/addTemporaryActor InjuredJasper 32 32 7 10 2 false/viewport 18 11/faceDirection farmer 2/pause 500/emote farmer 16/pause 500/speed farmer 5/move farmer 0 3 3/move farmer -1 0 3/pause 500/speak Jasper \"@? Is that... is that you?$7#$b#I'm sorry. I'm a fool. I... I ran afoul of those... those shadow men.$7\"/jump Dwarf 2/pause 500/emote Dwarf 12/pause 500/speak Jasper \"... I managed to slay several with my sword... but there were too many.$7#$b#So... I ran. And fell... And tore my leg.$7\"/pause 500/emote farmer 38/pause 500/speak Jasper \"It's bad, isn't it? It's so hot, @... It's like it's on fire. But I'm so cold.$7#$b#This... this strange child found me... helped me... but... I need to get home, @.#$b#Please, please help me...\"/emote farmer 16/pause 500/globalfade/warp Dwarf -100 -100/viewport -1000 -1000/changeLocation Hospital/warp InjuredJasper 20 4/warp farmer 14 6/warp Harvey 15 6/faceDirection Harvey 3/faceDirection farmer 1/pause 500/speak Harvey \"He's fortunate you found him when you did, @. Any longer, and the infection would've spread into his organs.#$b#As it is, there's a high chance he's going to lose his leg.\"/pause 500/emote farmer 28/pause 500/speak Harvey \"But better his leg than his life.#$b#Let that be a warning to you, @. Those caves are not to be messed with.\"/pause 1000/end"

  },
           "When": {
               "HasWalletItem:DwarvishTranslationGuide": false
           }
},

      {           
        "LogName": "Mine Events", 
        "Action": "EditData",
        "Target": "Data/Events/Mine",
        "Entries": {
                "507009914/e 507009912/f Jasper 1500": "Upper_Ambient/18 7/Jasper -100 -100 Dwarf -100 -100 0 farmer 18 14/addConversationTopic JasperHurt 3/addConversationTopic JasperHome1 7/addConversationTopic JasperHome2 14/addConversationTopic JasperHome3 21/skippable/pause 500/move farmer 0 -4 0/pause 500/playSound stairsdown/emote farmer 16/warp Dwarf 23 9/pause 500/move Dwarf -1 0 3/jump Dwarf/speed Dwarf 5/move Dwarf -4 0 2/pause 500/speak Dwarf \"You! Please, you must come with haste!\"/pause 500/emote Dwarf 12/pause 500/speak Dwarf \"One of your kind, he is hurt.\"/move Dwarf 2 0 1/faceDirection Dwarf 3/speak Dwarf \"Foolish surface-dweller! I fear the Shadow People got him.\"/emote Farmer 8/move farmer 0 -1 1/pause 500/faceDirection Dwarf 1/pause 500/move Dwarf 2 0 1/pause 500/move Dwarf 1 0 0/pause 500/warp Dwarf -100 -100/playSound stairsdown/pause 500/emote farmer 16/pause 500/speed farmer 7/move farmer 5 0 0/warp farmer -100 -100/viewport -1000 -1000/changeToTemporaryMap MineIce/warp Dwarf 11 11/warp farmer 15 8/addTemporaryActor InjuredJasper 32 32 7 10 2 false/viewport 21 15/speak Jasper \"@? Is that... is that you?$7#$b#I'm sorry. I'm a fool. I... I ran afoul of those... those shadow men.$7\"/jump Dwarf 2/pause 500/emote Dwarf 12/pause 500/speak Jasper \"... I managed to slay several with my sword... but there were too many.$7#$b#So... I ran. And fell... And tore my leg.$7\"/pause 500/emote farmer 38/pause 500/speak Jasper \"It's bad, isn't it? It's so hot, @... It's like it's on fire. But I'm so cold.$7#$b#This... this strange child found me... helped me... but... I need to get home, @.#$b#Please, please help me...\"/emote farmer 16/pause 500/globalfade/warp Dwarf -100 -100/viewport -1000 -1000/changeLocation Hospital/warp InjuredJasper 20 4/warp farmer 14 6/warp Harvey 15 6/faceDirection Harvey 3/faceDirection farmer 1/pause 500/speak Harvey \"He's fortunate you found him when you did, @. Any longer, and the infection would've spread into his organs.#$b#As it is, there's a high chance he's going to lose his leg.\"/pause 500/emote farmer 28/pause 500/speak Harvey \"But better his leg than his life.#$b#Let that be a warning to you, @. Those caves are not to be messed with.\"/pause 1000/end dialogue Dwarf \"I hope your friend fares well, @. But \"strange child\"? That he would not even recognise those whom he seeks?#$b#You surface dwellers, truly a peculiar species.\""
            
            },
            "When": {
                "HasWalletItem:DwarvishTranslationGuide": true
           }
        }



\speak Jasper \"You did not expect to find me here, did you, @? It is true, I rarely venture into this establishment. But today... well, today is an exception to my rule. Today is the anniversary of my father's demise.\"/show farmer !/






