{
"Format": "1.13.0",
"ConfigSchema": {
	"MarnieSpriteChange": {
            "AllowValues": "true, false",
            "Default": "false"
			},	
"MarnieFestivalChanges": {
		"AllowValues": "true, false",
		"Default": "true"
			}		
	},			

"Changes": [

//Temporary Actors for cut scenes

{
    "Action": "Load",
    "Target": "Characters/Goose",
    "FromFile": "assets/goose.png"
    },

{	
    "Action": "Load",
    "Target": "Characters/WhiteRescue",
    "FromFile": "assets/whiterescuehen.png"
    },
    
{	"Action": "Load",
    "Target": "Characters/Rescue",
    "FromFile": "assets/rescuehen.png"
    },
{	"Action": "Load",
    "Target": "Characters/Marlon_walking",
    "FromFile": "assets/MarlonSprite.png"
    },
    
{	"Action": "Load",
    "Target": "Portraits/Marlon_walking",
    "FromFile": "assets/Marlon.png"
    },
    
{	"Action": "Load",
    "Target": "Characters/VoidGolem",
    "FromFile": "assets/VoidGolem.png"
    },

{   "Action": "EditImage",
    "Target": "Characters/Marnie",
    "FromFile": "assets/Marnie.png",
    "When": {
        "MarnieSpriteChange": "true"
    }
},    

// Cut Scene events
{    
    "LogName": "Places Bush for Goose event",
    "Action": "EditMap",
    "Target": "Maps/Town",
    "MapTiles": [
                {
            "Position": { "X": 35, "Y": 27 },
            "Layer": "Buildings",
            "SetTileSheet": "Landscape",
            "SetIndex": "113"
                },
                {
            "Position": { "X": 36, "Y": 27 },
            "Layer": "Buildings",
            "SetTileSheet": "Landscape",
            "SetIndex": "114"
                    },
            {
                "Position": { "X": 35, "Y": 26 },
                "Layer": "Front",
                "SetTileSheet": "Landscape",
                "SetIndex": "88"
                    },
                    {
                "Position": { "X": 36, "Y": 26 },
                "Layer": "Front",
                "SetTileSheet": "Landscape",
                "SetIndex": "89"
                        }
                        ],
    "When": {
            "HasMod: DaisyNiko.SVR2":true
                    }      
 },
 
    
{
    "LogName": "Town Events",
    "Action": "EditData",
    "Target": "Data/Events/Town",
    "FromFile": "assets/Events/Town.json"
    },
{
    "LogName": "Saloon Events",
    "Action": "EditData",
    "Target": "Data/Events/Saloon",
    "FromFile": "assets/Events/Saloon.json"
    },
{   "LogName": "Animal Shop Events",
        "Action": "EditData",
        "Target": "Data/Events/AnimalShop",
        "FromFile": "assets/Events/AnimalHouse.json"
    },
{   "LogName": "Cindersap Events",
    "Action": "EditData",
    "Target": "Data/Events/Forest",
    "FromFile": "assets/Events/Forest.json"
    },
{
    "LogName": "Dialogue",
    "Action": "EditData",
    "Target": "Characters/Dialogue/Marnie",
    "FromFile": "assets/Marnie.json"
    },

{"Action": "EditData",
        "Target": "Data/Events/Farmhouse",
        "Entries":{
            "50706109/f Marnie 2502/e 639373/e 50706108/x LeaveLewis": "null"
            
        },
        "When": { "HasMod:nraittanna.CycleofLifeMLW":false}
    },
{   "Action": "EditData",
    "Target": "Data/mail",
    "Entries":{ "LeaveLewis": "Hello @! Can you meet me at the Saloon on Monday night? There's something I've got to do, and your support would really help. TIA! Marnie xx.",
                "Test": "Hello, just checking to see if you got my last mail? Cheers, Marnie"            }
    },

    {	"LogName": "Flower Dance",
        "Action": "EditData",
        "Target": "Data/Festivals/spring24",
        "Entries":{
            "Marnie": "Love is in the air... it makes me wish I were young again."
                          },    
            "When": {
                "Year": "2"
            }
        },

    {	"LogName": "Flower Dance",
        "Action": "EditData",
        "Target": "Data/Festivals/spring24",
        "Entries":{
            "Marnie": "Love is in the air... but he won't even look me in the eyes.$s"
                          },    
            "When": {
                "Hearts:Marnie": "6,7,8,9",
                "HasMod:nraittanna.CycleofLifeMLW":false
            }
        },
        {	"LogName": "Egg Festival",
            "Action": "EditData",
            "Target": "Data/Festivals/spring13",
            "Entries":{
                "Marnie": "Welcome to the Egg Festival... compliments of my wonderful brood of hens."               
                    }
            },
        
        {   "LogName": "Shane Schedule",
                "Action": "EditData",
                "Target": "Characters/schedules/Shane",
                "Entries": {
                "spring_28": "700 AnimalShop 24 15 0/1100 AnimalShop 24 5 0/1450 AnimalShop 16 13 2/1800 Town 47 87 0 \"Strings\\schedules\\Shane:spring_28.000\"/2200 AnimalShop 27 4 1 shane_sleep"
            }
        },
        {   "LogName": "Lewis Schedule",
            "Action": "EditData",
            "Target": "Characters/schedules/Lewis",
            "Entries": {
            "summer_2": "800 ManorHouse 8 5 0/1000 Town 62 88 0/1040 Town 65 86 3 lewis_garden/1140 SeedShop 6 19 0 \"Strings\\schedules\\Lewis:Tue.000\"/1600 AnimalShop 24 15 1 \"Strings\\schedules\\Lewis:Summer_2.000\"/2100 AnimalShop 11 5 3"},
                "When": {
                "Year": "1"
                   }
    
    },
    {   "LogName": "Marnie Schedule",
        "Action": "EditData",
        "Target": "Characters/schedules/Marnie",
        "Entries": {
        "summer_2": "900 AnimalShop 17 5 0/1000 SeedShop 23 16 2/1300 SeedShop 28 17 2 marnie_exercise/1410 AnimalShop 25 16 0/1630 AnimalShop 25 15 3/2100 AnimalShop 12 5 3 marnie_sleep"},
        "When": {
            "Year": "1"
               }
    },

{   "LogName": "Lewis Schedule Dialogue",
    "Action": "EditData",
    "Target": "Strings/schedules/Lewis",
    "Entries": {
        "Summer_2.000": "Why thank you, Miss Marnie, that vegetable medley was truly delicious.$1"
    }
},
        {   "LogName": "Shane Schedule Dialogue",
            "Action": "EditData",
            "Target": "Strings/schedules/Shane",
            "Entries": {
                "spring_28.000": "Why am I in the graveyard? Not that it's any of your business, but I'm remembering a dear friend.$s"
            }
        },

    {   "LogName": "Shane Schedule Dialogue",
            "Action": "EditData",
            "Target": "Strings/schedules/Shane",
            "Entries": {
                "spring_28.000": "Have you ever lost someone you loved, @? There are ways to numb the pain... but the hurting never goes away, you know?$s"
            },
                "When": {
                        "Hearts:Shane": "4,5,6,7,8,9,10"
                }
            
        },


         

        //After 10-heart event        

{	"Action": "Load",
    "Target": "Portraits/Marlon",
    "FromFile": "assets/Marlon.png",
    
        "When": {
            "HasMod:FlashShifter.StardewValleyExpandedCP":false
        }
    },

{   "LogName": "Marnie Schedule",
    "Action": "EditData",
    "Target": "Characters/schedules/Marnie",
    "Entries": {
        "Mon": "810 SeedShop 11 20 0/1130 Mountain 43 7 3/1330 AdventureGuild 7 12 3 \"Strings\\schedules\\Marnie:Guild.000\"/1600 Mountain 43 7 3/1630 AnimalShop 24 15 0/2200 AnimalShop 12 5 3 marnie_sleep",        
        "Fri": "830 AnimalShop 17 5 0/850 AnimalShop 12 14 2/1600 AnimalShop 17 8 1/1700 Saloon 3 21 0/2300 AnimalShop 12 5 3 marnie_sleep"
        },
        "When": {
            "HasSeenEvent": "50706110", "HasMod:FlashShifter.StardewValleyExpandedCP":false
        }
    },  
{   "LogName": "Marnie Schedule",
    "Action": "EditData",
    "Target": "Characters/schedules/Marnie",
    "Entries": {
        "Mon": "810 SeedShop 11 20 0/1100 Town 32 106 2/1300 AdventureGuild 7 12 3 \"Strings\\schedules\\Marnie:Guild.000\"/1800 AnimalShop 12 5 3 marnie_sleep",        
        "Fri": "830 AnimalShop 17 5 0/850 AnimalShop 12 14 2/1600 AnimalShop 17 8 1/1700 Saloon 3 21 0/2300 AnimalShop 12 5 3 marnie_sleep"
        },
        "When": {
            "HasSeenEvent": "50706110", "HasMod:FlashShifter.StardewValleyExpandedCP":true
        }
    },  

{   "LogName": "Marnie Strings",
    "Action": "EditData",
    "Target": "Strings/schedules/Marnie",
    "Entries": {
       "Guild.000": "Oh, hello @! Didn't expect to see you here. I'm just visiting a friend."
            },
    "When": {
        "HasSeenEvent": "50706110"
            }
    },
        

{   "LogName": "Lewis Schedule",
    "Action": "EditData",
    "Target": "Characters/Schedule/Lewis",
    "Entries": {
    "fall_9": "900 AnimalShop 17 5 0/1030 Hospital 12 14 0/1330 Hospital 4 6 1 \"Strings\\schedules\\Lewis:fall_9.000\"/1600 ManorHouse 7 5 0 square_5_1_0/2100 ManorHouse 3 6 0/2200 ManorHouse 22 4 1 lewis_sleep"  
        },
        "When": {
                "HasSeenEvent": "50706110"
        }
    },

    {  "LogName": "Marnie Saloon Dialogue 6-Hearts",
        "Action": "EditData",
        "Target": "Characters/Dialogue/Marnie",
        "Entries": {
        "Saloon_Fri": "Oh, hi @! Lewis and I were just discussing my 'business needs'.#$e#If you know what I mean. *giggles*$1",
        "Saloon_Sun": "*sigh*... I wasn't very productive today.",
        "Saloon_Sat": "Clint keeps staring at Emily. I wonder why he never talks to her? I guess he's just shy."
        },
                    "When": {
                    "HasSeenEvent":"639373"
            }
    },
   
{  "LogName": "Marnie Dialogue 10-Hearts",
    "Action": "EditData",
    "Target": "Characters/Dialogue/Marnie",
    "FromFile": "assets/Dialogue/Marnie10.json",
                "When": {
                "HasSeenEvent": "50706110"
               
        }
    },
{  "LogName": "Lewis Dialogue 10-Hearts",
    "Action": "EditData",
    "Target": "Characters/Dialogue/Lewis",
    "FromFile": "assets/Dialogue/Lewis10.json",
                "When": {
                "HasSeenEvent": "50706110"
               
        }
    },
{  "LogName": "Jas Dialogue 10-Hearts",
    "Action": "EditData",
    "Target": "Characters/Dialogue/Jas",
    "FromFile": "assets/Dialogue/Jas10.json",
                "When": {
                "HasSeenEvent": "50706110"
            
            }
 
    },
{   "LogName": "Lewis Strings",
    "Action": "EditData",
    "Target": "Strings/schedules/Lewis",
    "Entries": {
    "3.000": "I'm here for business reasons, nothing more. I don't like what you're implying, @."
            },
        "When": {
            "HasSeenEvent": "50706110"
            
        }
    },
{	"LogName": "Egg Festival",
    "Action": "EditData",
    "Target": "Data/Festivals/spring13",
    "Entries":{
        "Marlon": "Jasmine talked me into helping paint the eggs. And here I was thinking spring was going to be lonely.$1#$e#It's nice to feel like I'm part of a family.", 
        "Marnie": "Look at Lewis, strutting around like he's the top co- *giggles* I mean, rooster!",
        "Jas": "I hope you find the egg I painted for you specially, Farmer @.$1",
        "Lewis": "I see you're enjoying yourself, @?"
            },
        "When": {
            "HasSeenEvent": "50706110"
        }
    }, 

{	"LogName": "Flower Dance",
    "Action": "EditData",
    "Target": "Data/Festivals/spring24",
    "Entries":{
        "Marlon": "Would it be too forward of me to ask Marnie for a dance?", 
        "Marnie": "Oh to be young again, and have someone to dance with.#$b#Oh @, I couldn't possibly ask him! *whispers* What if he says 'no'?$s",
        "Jas": "I suppose I'll let you be flower queen if you really, really want to, Vincent.",
        "Vincent": "One day I'm going to be the bestest flower queen ever!",
        "Lewis": "Marnie seems to be getting awfully close to Marlon...$2"
            },    
        "When": {
            "HasSeenEvent": "50706110"
        }
    },	
        
{	"LogName": "Luau",
            "Action": "EditData",
            "Target": "Data/Festivals/summer11",
            "Entries":{
                "Marnie": "Hi @! I'm sure you've brought something delicious to add to the soup this year!$1",
                "Jas": "Do you think Auntie Marnie likes the warrior-pirate? Because he really likes her.$3#$b#Nobody told me, I just *know*!$4"
                                },    
                "When": {
                    "HasSeenEvent": "50706110"
                }
    },
	             
{	"LogName": "Beach Jellies",
        "Action": "EditData",
        "Target": "Data/Festivals/summer28",
        "Entries":{
            "Marlon": "'Tis a pleasure to behold such beauty$1.#$b#And the ocean is splendid too.$3", 
            "Marnie": "It's a beautiful evening, isn't it? The sound of the waves is quite romantic.$1"
                            },    
            "When": {
                "HasSeenEvent": "50706110"
            }
    },	       
	             
{	"LogName": "Winter Star",
    "Action": "EditData",
    "Target": "Data/Festivals/winter25",
    "Entries":{
        "Marlon": "Good afternoon, @! Willy was just entertaining us with his tales of the Winter Star.#$b#I feel this year, I too shall be blessed with good fortune.", 
        "Marnie": "*whispers* I hope Marlon likes the present I got for him.$1#$b#It's hard to know what he likes.$3",
        "Jas": "Look at all these presents! Ooh, this one's for me!$h",
        "Lewis": "Today is a day for family, friendship and good food.#$b#Well, two out of three ain't bad. I suppose."
                },    
            "When": {
            "HasSeenEvent": "50706110"
            }
    },	       
             
{	"LogName": "Ice Festival",
    "Action": "EditData",
    "Target": "Data/Festivals/winter8",
    "Entries":{
        "Marlon": "Ms. Marnie has the kindest heart of any person I have met.$2", 
        "Marnie": "Call me sentimental, but I feel sorry for the poor fish.$2#$e#At least they release them afterwards, I suppose."
                    },    
                "When": {
                "HasSeenEvent": "50706110"
                }
        },
        
        
{ "LogName": "Shane-related Dialogue",
    "Action": "EditData",
    "Target": "Characters/Dialogue/Marnie",
    "Entries":{ 
    "summer_Thu8": "$d CC#Shane seems so much happier now that Joja has closed down. And the chickens certainly appreciate his company!|I wish Shane would leave JojaMart, but he's so stubborn...And I won't lie, his board does help me run the ranch.",
    "fall_Wed8": "Shane doesn't talk much about therapy, but I can see the changes in him.#$b#Thank you for helping him, @, when I could not.",
    "fall_Sat8": "It's so silly, I love watching Shane and Jas spread their wings and grow.#$e#Yet I'm trapped myself in the status quo.$1",
    "fall_Sun8": "Shane cooked breakfast for us. The eggs were a little rubbery, and Jas fed hers to the cat...#$b#but it's really great to see him making an effort."
            },
    "When": { 
        "HasSeenEvent": "3910974"
    }
},

{ 
    "LogName": "Move Marnie for Winter Star",
    "Action": "EditMap",
    "Target": "Maps/Town-Christmas",
    "MapTiles": [
        {
            "Position": { "X": 23, "Y": 49 },
            "Layer": "Set-Up",
            "Remove": true
         },
        {   "Position": {"X":41, "Y": 57},
            "Layer": "Set-Up", 
            "SetTileSheet": "characters",
             "SetIndex": "81"
          },
          {   "Position": {"X":42, "Y": 57},
            "Layer": "Set-Up", 
            "SetTileSheet": "characters",
             "SetIndex": "78"
          }
                ],
                "When": {
                    "HasSeenEvent": "50706110",
		"MarnieFestivalChanges":true
                    }
                       },
   {    
    "LogName": "Move Marnie for Flower Festival",
    "Action": "EditMap",
    "Target": "Maps/Forest-FlowerFestival",
    "MapTiles": [
        {
           "Position": { "X": 5, "Y": 24 },
           "Layer": "MainEvent",
           "Remove": true
        },

        {   "Position": {"X":20, "Y": 21},
            "Layer": "MainEvent",
            "SetTileSheet": "Characters",
            "SetIndex": "82"
    }
     ],
     "When": {
        "HasSeenEvent": "50706110",
	"MarnieFestivalChanges":true
        }
  },
  {    
    "LogName": "Move Marnie for Egg Festival",
    "Action": "EditMap",
    "Target": "Maps/Town-EggFestival",
    "MapTiles": [
        {
           "Position": { "X": 30, "Y": 67 },
           "Layer": "Set-Up",
           "Remove": true
        },

        {   "Position": {"X": 33, "Y": 62},
            "Layer": "Set-Up",
            "SetTileSheet": "characters",
            "SetIndex": "82"
    }
     ],
     "When": {
        "HasSeenEvent": "50706110",
	"MarnieFestivalChanges":true
        }
  },  
  
  {    
    "LogName": "Move Marnie for Jellyfish",
    "Action": "EditMap",
    "Target": "Maps/Beach-Jellies",
    "MapTiles": [
        {
           "Position": { "X": 24, "Y": 22 },
           "Layer": "Set-Up",
           "Remove": true
        },

        {   "Position": {"X":85, "Y": 25},
            "Layer": "Set-Up",
            "SetTileSheet": "characters",
            "SetIndex": 82
    },
    {   "Position": {"X":84, "Y": 25},
            "Layer": "Set-Up",
            "SetTileSheet": "characters",
            "SetIndex": 78
    }
     ],
     "When": {
        "HasSeenEvent": "50706110",
        "MarnieFestivalChanges":true
        }
  },
  {    
    "LogName": "Brings Marlon to Luau",
    "Action": "EditMap",
    "Target": "Maps/Beach-Luau",
    "MapTiles": [
  
{  "Position": {"X":39, "Y": 10},
   "Layer": "MainEvent",
   "SetTileSheet": "characters",
   "SetIndex": 78
}
],
"When": {
    "HasSeenEvent": "50706110",
    "MarnieFestivalChanges":true
    }
},
{    
    "LogName": "Brings Marlon to Ice Festival",
    "Action": "EditMap",
    "Target": "Maps/Forest-IceFestival",
    "MapTiles": [
  
{  "Position": {"X":60, "Y": 44},
   "Layer": "Set-up",
   "SetTileSheet": "characters",
   "SetIndex": 78
},
{  "Position": {"X":65, "Y": 44},
   "Layer": "MainEvent",
   "SetTileSheet": "characters",
   "SetIndex": 78
}
],
"When": {
    "HasSeenEvent": "50706110",
    "MarnieFestivalChanges":true
    }
},

//Alt Dialogue if Marnie and Lewis hook up thanks to Life Cycle

   
{  "LogName": "Marnie Dialogue if dating Lewis",
    "Action": "EditData",
    "Target": "Characters/Dialogue/Marnie",
    "Entries": {
        "Sat6": "Relationships are complicated, aren't they, @?$4#$e#Do you believe in soulmates? I'm pleased I found mine.$1",
        "Mon8": "Spring is the time for lovers, and romance. I hope you find your special someone, @, just like I found mine.$1",
        "spring_Fri8": "It took Shane a little while to warm to Lewis.#$b#He's worried Lewis is trying to win Jas over with bribes and treats. But I think Lewis is just happy to finally have a family of his own.",
        "summer_Tue8": "Lewis took me up to the summit to watch the sunset last night. I guess you're never too old for romance.$1",
        "summer_Fri8": "Sorry I seem to be talking about Lewis all the time. I feel like a teenager again.#$b#It's ridiculous, I know.$1",
        "fall_Mon8": "*sighs* I wish Pierre would stop muttering about my 'special privileges' and incenuating I'm getting tax cuts.$2#$b#It seems everyone in town accepts us, except for him. Maybe that's why Lewis was reluctant about going public.",
        "fall_Fri8": "I enjoy chatting with Lewis, I do! He's great company.#$e#But recently he's started to have certain... expectations...every time we're alone.$2#$b#Oh, I don't mind! Well, not really... but I'm not a teenager anymore.$1",
        "winter_Fri6": "Am I dating the Mayor? Well, I'm not sure I'd call what we're doing 'dating', exactly, if you know what I mean!$1",
        "winter_Tue8": "It's almost the end of another year. I need to make a New Year's resolution. Have you got any goals for the year, @?"
    },
        "When": {
                "HasSeenEvent": "59020016"
        }
},

//Russian Translation by ghost3lboom

{
    "LogName": "Town Events",
    "Action": "EditData",
    "Target": "Data/Events/Town",
    "FromFile": "assets/Events/Town-RU.json",
    "When": {
            "Language": "ru"
    }
    },
{
    "LogName": "Saloon Events",
    "Action": "EditData",
    "Target": "Data/Events/Saloon",
    "FromFile": "assets/Events/Saloon-RU.json",
    "When": {
            "Language": "ru"
            }
    },
{   "LogName": "Animal Shop Events",
        "Action": "EditData",
        "Target": "Data/Events/AnimalShop",
        "FromFile": "assets/Events/AnimalHouse-RU.json",
        "When": {
                "Language": "ru"
            }   
    },
{   "LogName": "Cindersap Events",
    "Action": "EditData",
    "Target": "Data/Events/Forest",
    "FromFile": "assets/Events/Forest-RU.json",
    "When": {
            "Language": "ru"
            }
    },
{
    "LogName": "Dialogue",
    "Action": "EditData",
    "Target": "Characters/Dialogue/Marnie",
    "FromFile": "assets/Marnie-RU.json",
    "When": {
            "Language": "ru"
                }
    },

{   
    "Action": "EditData",
    "Target": "Data/mail",
    "Entries":{ 
        "LeaveLewis": "Привет @! Не можешь ли ты встретиться со мной в салуне в понедельник вечером? Мне надо кое-что сделать, и твоя помощь мне очень поможет. ЧАО! Марни xx.",
                "Test": "Привет! Просто проверяю, пришло ли тебе моё последнее письмо? Спасибо, Марни"            
            },
    "When": {
            "Language": "ru"
                }
    },

{	"LogName": "Flower Dance",
    "Action": "EditData",
    "Target": "Data/Festivals/spring24",
    "Entries":{
        "Marnie": "Любовь витает в воздухе... от этого мне хочется снова стать молодой."
                        },    
        "When": {
            "Year": "2",
            "Language": "ru"
        }
    },

{	"LogName": "Flower Dance",
    "Action": "EditData",
    "Target": "Data/Festivals/spring24",
    "Entries":{
        "Marnie": "Любовь витает в воздухе... но он даже не смотрит мне в глаза.$s"
                        },    
        "When": {
            "Hearts:Marnie": "6,7,8,9",
            "Language": "ru"
        }
    },
{	"LogName": "Egg Festival",
    "Action": "EditData",
    "Target": "Data/Festivals/spring13",
    "Entries":{
        "Marnie": "Добро пожаловать на фестиваль яиц... хвала моему замечательному выводку кур."               
            },
    "When": {
        "Language": "ru"
            }
},
        
{   "LogName": "Lewis Schedule Dialogue",
    "Action": "EditData",
    "Target": "Strings/schedules/Lewis",
    "Entries": {
        "Summer_2.000": "Ну спасибо, Мисс Марни, это овощное ассорти было поистине восхитительно.$1"
                    },
    "When": {
        "Language": "ru"
    }
},
{   "LogName": "Shane Schedule Dialogue",
    "Action": "EditData",
    "Target": "Strings/schedules/Shane",
    "Entries": {
        "spring_28.000": "Почему я на кладбище? Не то чтобы это тебя касалось, просто я вспоминаю дорогого мне друга.$s"
    },
    "When": {
        "Language": "ru"
            }
},
    
{   "LogName": "Shane Schedule Dialogue",
    "Action": "EditData",
    "Target": "Strings/schedules/Shane",
    "Entries": {
        "spring_28.000": "Ты когда-нибудь терял того, кого любил, @? Есть способы заглушить эту боль... но она никогда не пройдёт, понимаешь?^Ты когда-нибудь теряла того, кого любила, @? Есть способы заглушить эту боль... но она никогда не пройдёт, понимаешь?$s"
                            },
        "When": {
                "Hearts:Shane": "4,5,6,7,8,9,10",
                "Language": "ru"
        }     
},
{   
    "LogName": "Marnie Strings",
    "Action": "EditData",
    "Target": "Strings/schedules/Marnie",
    "Entries": {
        "Guild.000": "O, привет @! Не ожидала увидеть тебя здесь. Я просто навещаю своего друга."
            },
    "When": {
        "HasSeenEvent": "50706110",
        "Language": "ru"
            }
                },
{  "LogName": "Marnie Saloon Dialogue 6-Hearts",
    "Action": "EditData",
    "Target": "Characters/Dialogue/Marnie",
    "Entries": {
    "Saloon_Fri": "O, привет @! Мы с Льюисом как раз обсуждали 'деловые потребности'.#$e#Если ты понимаешь, о чём я. *хихикает*$1",
    "Saloon_Sun": "*вздох*... У меня сегодня был не очень продуктивный день.",
    "Saloon_Sat": "Клинт не сводит глаз с Эмили. Интересно, почему он никогда с ней не разговаривает? Наверное, он просто стесняется."
    },
                "When": {
                "HasSeenEvent":"639373",
                "Language": "ru"
        }
},

{  "LogName": "Marnie Dialogue 10-Hearts",
    "Action": "EditData",
    "Target": "Characters/Dialogue/Marnie",
    "FromFile": "assets/Dialogue/Marnie10.json",
                "When": {
                "HasSeenEvent": "50706110",
                "Language": "ru"
        }
    },
{  "LogName": "Lewis Dialogue 10-Hearts",
    "Action": "EditData",
    "Target": "Characters/Dialogue/Lewis",
    "FromFile": "assets/Dialogue/Lewis10.json",
                "When": {
                "HasSeenEvent": "50706110",
                "Language": "ru"
        }
    },
{  "LogName": "Jas Dialogue 10-Hearts",
    "Action": "EditData",
    "Target": "Characters/Dialogue/Jas",
    "FromFile": "assets/Dialogue/Jas10.json",
                "When": {
                "HasSeenEvent": "50706110",
                "Language": "ru"
            }
    
    },
{   "LogName": "Lewis Strings",
    "Action": "EditData",
    "Target": "Strings/schedules/Lewis",
    "Entries": {
    "3.000": "Я здесь по деловым причинам, не более того. Мне не нравится то, на что ты намекаешь, @."
            },
        "When": {
            "HasSeenEvent": "50706110",
            "Language": "ru"
        }
    },
{	"LogName": "Egg Festival",
    "Action": "EditData",
    "Target": "Data/Festivals/spring13",
    "Entries":{
        "Marlon": "Жасмин уговорила меня помочь покрасить яйца. А я-то думал, что весной мне будет очень одиноко.$1#$e#Приятно чувствовать себя частью семьи.", 
        "Marnie": "Взгляни на Льюиса, он расхаживает с таким видом, будто он важный индю- *хихикает* В смысле, как петух!",
        "Jas": "Надеюсь, ты найдёшь яйцо, которое я нарисовала специально для тебя, фермер @.$1",
        "Lewis": "Я вижу ты наслаждаешься собой, @?"
            },
        "When": {
            "HasSeenEvent": "50706110",
            "Language": "ru"
        }
    }, 

{	"LogName": "Flower Dance",
    "Action": "EditData",
    "Target": "Data/Festivals/spring24",
    "Entries":{
        "Marlon": "Не будет ли слишком дерзко с моей стороны пригласить Марни на танец?", 
        "Marnie": "О, как хорошо снова стать молодой и иметь кого-то, с кем можно потанцевать.#$b#Oх @, я же не могу его об этом спросить! *шепчет* А что, если он скажет 'нет'?$s",
        "Jas": "Пожалуй, я позволю тебе стать королём цветов. Если ты действительно этого хочешь, Винсент.",
        "Vincent": "Однажды я стану самым лучшим королём цветов на свете!",
        "Lewis": "Кажется, Марни очень сблизилась с Марлоном...$2"
            },    
        "When": {
            "HasSeenEvent": "50706110",
            "Language": "ru"
        }
    },	
        
{	"LogName": "Luau",
            "Action": "EditData",
            "Target": "Data/Festivals/summer11",
            "Entries":{
                "Marnie": "Привет @! Я уверена, что ты принесёшь что-нибудь вкусненькое на Луалу в этом году!$1",
                "Jas": "Думаешь, тёте Марни нравится этот воин-пират? Ведь она ему действительно нравится.$3#$b#Мне никто не говорил, я просто... *знаю*!$4"
                                },    
                "When": {
                    "HasSeenEvent": "50706110",
                    "Language": "ru"
                }
    },
                             
{	"LogName": "Beach Jellies",
        "Action": "EditData",
        "Target": "Data/Festivals/summer28",
        "Entries":{
            "Marlon": "Как приятно видеть такую красоту$1.#$b#Да и океан тоже великолепен.$3", 
            "Marnie": "Сегодня прекрасный вечер, не правда ли? Шум волн - это так романтично.$1"
                            },    
            "When": {
                "HasSeenEvent": "50706110",
                "Language": "ru"
            }
    },	       
                             
{	"LogName": "Winter Star",
    "Action": "EditData",
    "Target": "Data/Festivals/winter25",
    "Entries":{
        "Marlon": "Добрый день, @! Вилли развлекает нас своими рассказами о Зимней звезде.#$b#Мне кажется, что в этом году я тоже буду благословлён удачей.", 
        "Marnie": "*шепчет* Надеюсь, Марлону понравится подарок, который я ему приготовила.$1#$b#Трудно сказать, что ему нравится.$3",
        "Jas": "Посмотри на все эти подарки! Ахх, это всё для меня!$h",
        "Lewis": "Сегодня день семьи, дружбы и хорошей еды.#$b#Ну, два из трех - это неплохо. Я полагаю."
                },    
            "When": {
            "HasSeenEvent": "50706110",
            "Language": "ru"
            }
    },	       
                
{	"LogName": "Ice Festival",
    "Action": "EditData",
    "Target": "Data/Festivals/winter8",
    "Entries":{
        "Marlon": "У мисс Марни самое доброе сердце из всех, кого я встречал.$2", 
        "Marnie": "Можешь считать меня чувствительной, но мне очень жаль бедную рыбку.$2#$e#После этого их выпустят, надеюсь."
                    },    
                "When": {
                "HasSeenEvent": "50706110",
                "Language": "ru"
                }
        },
        
        
{ "LogName": "Shane-related Dialogue",
    "Action": "EditData",
    "Target": "Characters/Dialogue/Marnie",
    "Entries":{ 
    "summer_Thu8": "$d CC#Шейн кажется намного счастливее теперь, когда Джоджа закрылись. Да и курочки наверняка оценят его компанию!|Я бы хотела, чтобы Шейн ушёл из ДжоджаМарта, но он такой упрямый...И я не буду лгать, его советы действительно помогают мне управлять ранчо.",
    "fall_Wed8": "Шейн не очень много говорит о лечении, но я вижу изменения в нём.#$b#Спасибо, что помогаешь ему, @, когда я не могу этого сделать.",
    "fall_Sat8": "Мне так нравится смотреть, как Шейн и Джас расправляют крылья и растут.#$e#И всё же я сама попала в ловушку.$1",
    "fall_Sun8": "Шейн приготовил нам завтрак. Яичница была немного резиновой, и Джас скормила её коту....#$b#Но это так здорово - видеть, как он прилагает усилия."
            },
    "When": { 
        "HasSeenEvent": "3910974",
        "Language": "ru"
    }
}


]
}
                