[
{ 
        "Action": "EditData",
        "Target": "Data/Events/Forest",
        "Entries":{
        "50706115/f Jas 2000/e 50706113 /t 2100 2400": "nightTime/86 23/farmer 93 24 3 Jas -1000 -1000 0/skippable/addLantern 735 87 18 2/pause 1000/addTemporaryActor MrGinger 16 32 89 16 2 false/addTemporaryActor ShadowPerson -1000 -1000 1 false/pause 500/move MrGinger 0 3 0 false/pause 100/playSound cat/warp Jas 90 16/pause 250/textAboveHead Jas \"Ssshh\"/pause 400/move Jas 0 3 3 false/pause 250/speak Jas \"Please be quiet Mister Ginger! We don't want to wake Aunt Marnie or Uncle Shane, do we just?\"/faceDirection MrGinger 3/pause 250/animate MrGinger 250 34 35 34 35 false false/move MrGinger -3 0 2 false/move Jas -3 0 3 false/pause 250/speak Jas \"Sorry Mister Ginger. I didn't mean to upset you.$2\"/pause 250/animate MrGinger false false 250 34 35/playSound cat/pause 400/move Jas -2 0 2/pause 250/speak Jas \"Are you ready for an adventure? I've got everything I need: compass, pocket knife, and lots of snacks!$1\"/pause 250/animate MrGinger false false 250 32 12 32 12/move MrGinger -3 0 2/playSound cat/move Jas -3 0 3/pause 500/emote farmer 16/pause 250/message \"Where's Jas off to? She shouldn't be wandering at night!\"/pause 250/move farmer -3 0 3/globalfade/viewport -1000 -1000/changeLocation Woods/warp Jas 8 8/faceDirection Jas 0/warp MrGinger 9 8/faceDirection MrGinger 0/warp farmer -100 -100/viewport 6 12/pause 500/speak Jas \"Wow, this is pretty wicked! What do you think it means, Mister Ginger?$3#$b#'Old Mister Cannoli' - Cannoli! Like the pasta! *giggles* - 'still longing for the sweet, sweet taste.'$1#$b#Do you think he'd like a cook-$3\"/playSound leafrustle/pause 250/textAboveHead Jas \"What's that?\"/pause 500/playSound shadowpeep/textAboveHead Jas \"Is someone there?\"/pause 250/animate MrGinger false false 250 30 31/shake Jas 250/textAboveHead Jas \"I'm scared...\"/pause 250/playSound shadowpeep/warp ShadowPerson 10 4 2/pause 250/jump Jas 4/textAboveHead Jas \"Eeek!\"/pause 250/playSound shadowpeep/move MrGinger 2 0 0/speak Jas \"Be strong Jasmine, be brave, like Mr. @. You can do this.^Be strong Jasmine, be brave, like Ms. @. You can do this.$4#$b#Monsters can tell when you're frightened, so don't be frightened.$2\"/pause 300/move Jas 2 0 0/pause 350/emote Jas 56/move ShadowPerson 0 1 2/pause 250/playSound shadowpeep/pause 250/speak Jas \"I'm not afraid of you!\"/pause 250/playSound shadowpeep/pause 250/animate ShadowPerson false true 250 4 5 6 7/playSound cat/pause 250/emote Jas 28/pause 250/speak Jas \"You're not evil at all, are you? You're just lonely. And sad. Because the void got into your heart.$3\"/pause 250/playsound shadowpeep/pause 250/shake Jas 250/pause 350/speak Jas \"I bet no-one has ever been kind to you before.$3\"/stopAnimation ShadowPerson/pause 250/playsound shadowpeep/pause 250/playsound newRecipe/pause 250/speak Jas \"Would you like a cookie? Granny Evelyn made them. They're super chewy. Um, can you chew?$3\"/pause 250/move ShadowPerson 0 1 2/animate ShadowPerson false false 250 4 5 6 7 8 9 10 11 12 13/playSound shadowpeep/emote Jas 16/pause 250/animate ShadowPerson false true 250 10 11 12 13/emote Jas 32/pause 250/speak Jas \"You're a nice monster after all!$1\"/playSound shadowpeep/warp farmer 19 13/move farmer -9 0 0/pause 250/emote farmer 16/pause 200/speed farmer 4/move farmer 0 -3 0/pause 250/faceDirection Jas 2/faceDirection MrGinger 2/animate MrGinger false true 120 20 21 22 23 speak Jas \"Oh, hello Mr. @^Oh, hello Ms. @$3#$b#No, don't scare her! She's my new friend.$1\"/stopAnimation ShadowPerson/pause 250/textAboveHead ShadowPerson \"...freeend?\"/pause 350/emote farmer 32/pause 250/textAboveHead Jas \"Wait...\"/pause 250/faceDirection Jas 0/playSound newRecipe/faceDirection Jas 2/showframe Jas 30/pause 350/faceDirection Jas 0/animate Jas false false 250  32 33 34 35 34 35 34 35/textAboveHead Jas \"There!\"/showframe ShadowPerson 14/move Jas 0 1 2/animate ShadowPerson false true 250 14 15 16 17/speak Jas \"Now, Mr. @ will know you're a friend and don't want to hurt us!^Now Ms. @ will know you're a friend and don't want to hurt us!$1\"/pause 250/stopAnimation ShadowPerson/pause 250/textAboveHead ShadowPerson \"...friend!\"/pause 250/faceDirection Jas 2/pause 250/pause 250/faceDirection Jas 0/speak Jas \"Now, you need a name... I think I'll call you Alice.$3\"/pause 250/textAboveHead ShadowPerson \"A-lis?\"/pause 450/emote Jas 20/pause 250/speak Jas \"Now Alice, I've got to go home, but I'll come back tomorrow and bring you another cookie, how does that sound?\"/pause 250/playSound shadowpeep/textAboveHead ShadowPerson \"Cook-ee!\"/speak Jas \"*whispers* She's my friend, Mr. @, so don't even think about hurting her!^*whispers* She's my friend, Ms. @, so don't even think about hurting her!$4\"/pause 250/emote farmer 28/pause 1000/end"
        }
},

       
{        "Action": "EditData",
        "Target": "Data/Events/Town",
        "Entries":{
        "50706115/f Jas 2500/e 50706115 50706114/d wed/t 2100 2400": "nightTime/40 94/farmer 51 95 3 Jas 33 91 1/skippable/addLantern 735 47 85 5/addTemporaryActor MonaGhost 16 32 -100 -100 1 false/showFrame MonaGhost 1/addTemporaryActor MrGinger 16 32 35 91 1 false/move MrGinger 5 0 3/playSound cat/pause 250/move Jas 5 0 1/pause 250/speak Jas \"I'm coming, Mister Ginger! But I can't see in the dark like you can!$3\"/pause 250/move MrGinger 3 0 2/pause 250/playSound cat/move Jas 5 0 1/pause 250/speak Jas \"And I'm going to get into so much trouble if Aunt Marnie catches me sneaking out again!\"/playSound leafrustle/pause 250/textAboveHead Jas \"What's that?\"/faceDirection Jas 0/pause 250/faceDirection Jas 2/speak Jas \"Oh, just the wind.\"/move MrGinger -1 0 3/pause 250/playSound cat/pause 250/move MrGinger 6 0 3/pause 250/playSound cat/pause 250/move Jas 4 0 1/move farmer -4 0 0 true/pause 250/speak Jas \"Okay, okay. Keep your whiskers on!\"/pause 250/shake Jas 250/speak Jas \"The graveyard always feels like it's waiting, don't you think, Mister Ginger?$3\"/pause 250/playSound cat/move MrGinger 0 -3 3 true/pause 250/move Jas 0 -3 0 true/pause 500/pause 250/speak Jas \"'My beloved Mona'.$2.\"/pause 100/playMusic echos/speak Jas \"Hi Mom. I, um, brought you something.\"/move Jas -1 0 1/pause 250/addObject 47 88 595 0/pause 250/speak Jas \"Aunt Marnie says that you can hear me wherever I am, but Mister Ginger insisted, didn't you Mister Ginger?$4\"/pause 250/playSound cat/pause 250/animate MrGinger false true 120 20 21 22 23/pause 250/speak Jas \"Anyway, things are going great, now! Uncle Shane's still sad, but he smiles more, and doesn't say stuff that makes my heart hurt anymore.#$b#Well, not in a bad way, anyway. Sometimes there's like a happy ache.$1\"/pause 250/faceDirection Jas 2/playSound leafrustle/pause 250/stopAnimation MrGinger/showFrame MrGinger 19/pause 500/animate MrGinger false true 120 20 21 22 23/faceDirection Jas 1/pause 250/speak Jas \"I've loads of animal friends - some are even a little bit scary! - and Aunt Marnie says I can live in the ranch forever, if I want.#$b#I've learned heaps from Miss Penny, even though I have to help Vinny with his schoolwork.$3#$b#I'm friends with Mr. @ too. He's our neighbor. You'd like him - he's cool!^I'm friends with Ms. @ too. She's our neighbor. You'd like her - she's awesome.\"/pause 250/emote farmer 32/emote Jas 20/pause 350/speak Jas \"Anyway, that's all, Mom. I just came to say 'Hi'. And we all miss you.#$b#Um, I wish you were still around, so I could introduce you to Jeremy and Alice, and all my other friends.$2\"/pause 500/faceDirection 2/move Jas 0 4 3 true/move MrGinger 0 3 3/pause 250/faceDirection MrGinger 0/animate MrGinger false true 350 8 10 8 10/pause 250/playSound cat/pause 250/faceDirection Jas 1/textAboveHead Jas \"What is it?\"/pause 250/faceDirection Jas 0/pause 250/textAboveHead Jas \"Oh!\"/warp MonaGhost 47 87/animate MonaGhost false false 350 1 2 3 0/pause 500/textAboveHead Jas \"Mom?\"/emote farmer 8/pause 450/speak MonaGhost \"Jasmine? My darling baby girl, oh, how you've grown!\"/pause 250/speed Jas 3/move Jas 0 -4 3/pause 250/speak Jas \"Mom? You're here, you're really here?$2\"/pause 250/speak MonaGhost \"Yes, petal, for a short time, I am. I love you so very much, and I'm so proud of you.#$b#I'm so, so sorry, I couldn't watch you grow from a tiny baby into the amazing girl you've become.\"/pause 250/speak Jas \"I'm sorry too, Mom.$2\"/pause 450/speak MonaGhost \"I don't have long, my sweet. But I needed to see you, and give you something, a memento.\"/pause 250/showFrame MonaGhost 5/pause 250/textAboveHead Jas \"A necklace?\"/pause 250/speak MonaGhost \"Yes, my sweet, but not just any necklace. The forest is in your blood, petal, and this will help you embrace it.\"/pause 250/emote Jas 8/pause 250/speak MonaGhost \"I must go now, my sweet. Goodbye. I love you\"/showFrame MonaGhost 6/pause 250/speak Jas \"No Mom. Please, don't go! I don't understand!$2\"/pause 250/showFrame MonaGhost 7/pause 250/textAboveHead Jas \"No!\"/pause 250/animate MonaGhost false false 450 7 8 9 10 11/pause 400/speak Jas \"Mom? I love you too,Mom!$2\"/shake Jas 350/pause 250/showFrame Jas 5/warp MonaGhost -1000 -1000/showFrame Jas 31/pause 500/playSound newRecipe/move Jas 0 3 2/move MrGinger -2 0 3/pause 250/playSound cat/speak Jas \"Oh, Mister Ginger, I'm so glad I have you.\"/emote farmer 20/pause 1000/end"
        }
} 




]
