{"Entries": {
    "Mon": "I really hate maths. When am I ever gonna use algebra anyway?$3",
    "Tue": "*yawn* I was up late reading to an orphaned lamb. It seemed to make her feel better.$1",
    "Wed": "",
    "Thu": "",
    "Fri": "I just wanna know why we're still at war with Gotoro? I know it's all about resources, like oil and stuff, but it's been *years*",
    "spring_Sat10": "Remember Jeremy? That baby blue jay I tried to 'rescue'? I saw him this morning!#$b#He's got a girlfriend - I mean, a mate! And they're nesting in my tree.$1",
    "Sun10": "I spoke with the cart lady - her name's Mae - today. The situation in Gotoro is getting worse.$3#$b#It's getting harder and harder for her to leave, and she's worried about her family whens he does.$2",
    "summer_Mon10": "The vet dropped by yesterday. I think I asked a few too many questions...$3#$b#He was super-nice though, and if you don't ask, you don't learn, right?$4",
    "summer_Tue10": "",
    "summer_Wed10": "",
    "summer_Thu10": "",
    "summer_Fri10": "",
    "summer_Sat10": "One of the calves got tangled in a bit of barbed wire. The vet let me help him with the surgery!#$b#Well, I mostly handed him his tools, and sang to the calf, but still...$3#$b#He said I had a real way with animals.$5",
    "summer_Sun10": "",   
    "fall_Mon10": "Have you heard the latest song by Xenon Chip 3.0? Sam gave it to me. It's wicked cool!$1",
    "fall_Tue10": "",
    "fall_Wed10": "",
    "fall_Thu10": "",
    "fall_Fri10": "",
    "fall_Sat10": "",
    "fall_Sun10": "",
    "Winter_Mon10": "Mr. Marlon is totally in love with Aunt Marnie, but she's completely oblivious!#$b#He keeps dropping by, 'cos he 'just happened to be in the area'.$1#$b#It would be hilarious, except it's also kinda sad, 'cos it's not like either of them are getting any younger.$3",
    "Winter_Tue10": "",
    "Winter_Wed10": "",
    "Winter_Thu10": "",
    "Winter_Fri10": "We should try and do something for the children in Gotoro. It must be so cold for them, in their half-ruined cities.#$b#$q 901/902 Gotoro_Help#We should do something to help them!#$r 901 50 Help_Event#We could host some sort of festival to raise money!#$r 902 50 Help_Write#We could write to the Governor, petition him to send aid.#$r 902 -50 Help_No#Why? It's not our problem, we're at war with them remember?",
        "Help_Event": "That's a great idea! Maybe some sort of competition, or a bake sale? Oooh, we could do a Pelican Town bake-off!$1",
        "Help_Write": "Oh, I've already done that, Mr. @!^Oh, I've already done that, Ms. @!$1#$b#You should write one too, 'cos the more people that do, the more he'll listen!$3",
        "Help_No": "Seriously? You really don't care? But they're _children_, Mr. @.^Seriously? You really don't care? Even though they're _children, Ms.@.$2#$b#You know what? Sometimes you're just not a very nice person.$3",
        "Gotoro_Help": "$p 901#I've been thinking more about the event idea, and I reckon we should defo do something!$1#$b#I'm writing up a proposition for Mayor Lewis and everything!$4|You know how I petitioned the Governor? About the Gotoro kids? He wrote back. One of those form letters.$3#$b#It's like no-one even cares!$2",
    "Winter_Sat10": "",
    "Winter_Sun10": "Gah! Sam teased that I might marry Vin some day.#$b#But Vin's like a kid brother! An _annoying_ kid brother!$3",
    "Mon_inlaw_Shane": "It's so romantic, you and Shane! He was sad, and alone, and you made him whole. It's like a fairy tale!",
    "Wed_inlaw_Shane": "May I come and visit soon, pretty please? Shane promised we could watch a movie together.#$b#We were gonna watch 'Wumbus', like old times. That movie's hilarious!$1",
    "Fri_inlaw_Shane": "",
    "Sun_inlaw_Shane": "",
    "Mon_inlaw_Penny": "May I come and visit soon, pretty please? Penny's got me hooked on the classics, and I need to borrow another book.#$b#Oh, and Mr. Darcy is so dreamy! *swoons*$5",
    "Wed_inlaw_Penny": "",
    "Fri_inlaw_Penny": "",
    "Mon_inlaw_Sam": "",
    "Thu_inlaw_Sam": "It's cool that you and Sam got together, and all, but I kinda wish I could still hang out with him. I miss going to the beach with him and stuff.",
    "Fri_inlaw_Sam": "",
    "spring_23": "It's the Flower Dance tomorrow! I wonder if Sam would dance with me?$3#$b#He might! He's really sweet. And so funny and kind.$1",
    "summer_4": "What am I going to do for my birthday? Oh, we're going to the beach! It's gonna be fun.$4#$b#We might even go swimming, but I bet Vin's gonna drag us all into a mega waterfight. Boys...$3"
}
}