																			

{	
    "rain": "700 VetHouse 30 14 1/900 VetHouse 30 25 3 \"Strings\\schedules\\Eloise:vethouse.000\"/1100 VetHouse 20 13 0 \"Strings\\schedules\\Eloise:vethouse.001\"/1300 BirdHide 3 5 0 Eloise_kneel/1800 VetHouse 24 15 0/2100 VetHouse 33 23 2",
    "9": "NOT Friendship Sam 6 Penny 6/GOTO spring",
    "23": "NOT Friendship Sam 6 Penny 6/GOTO spring",
    "winter_17": "700 VetHouse 30 14 1/730 Town 100 95 1 \"Strings\\schedules\\Eloise:schoolday.001\"/1000 ArchaeologyHouse 18 12 0 Eloise_kneel/1400 Town 88 103 2/1600 Town 100 95 1/1620 Beach 44 23 2 \"Strings\\schedules\\Eloise:winter_17.000\"/1830 Beach 42 36 1 \"Strings\\schedules\\Eloise:winter_17.100\"/2030 VetHouse 33 23 2",
    "summer_Mon": "700 VetHouse 30 14 1/900 VetHouse 30 25 3 \"Strings\\schedules\\Eloise:vethouse.000\"/1100 Beach 45 24 2 Eloise_write/1620 EastScarpe 19 68 1/1800 VetHouse 24 15 0/2100 VetHouse 33 23 2",
    "Mon": "700 VetHouse 30 14 1/900 VetHouse 30 25 3 \"Strings\\schedules\\Eloise:vethouse.000\"/1100 BirdHide 3 5 0 Eloise_kneel/1400 EastScarpe 18 28 square_5_5/1700 VetHouse 24 15 0/1900 VetHouse 29 23 2/2100 VetHouse 33 23 2",
    "Tue": "630 VetHouse 30 14 1/700 EastScarpe 42 40 2/730 Town 100 95 1 \"Strings\\schedules\\Eloise:schoolday.000\"/1000 ArchaeologyHouse 18 12 0 Eloise_kneel/1400 Town 88 103 2/1620 Town 17 91 0/1750 AnimalShop 6 5 0 Eloise_read",
    "Wed": "630 VetHouse 30 14 1/700 EastScarpe 42 40 2/730 Town 100 95 1 \"Strings\\schedules\\Eloise:schoolday.001\"/1000 ArchaeologyHouse 18 12 0 Eloise_kneel/1400 Town 88 103 2/1640 EastScarpe 19 68 1/1800 VetHouse 24 15 0/2100 VetHouse 33 23 2",
    "Thu": "GOTO Mon",
    "Fri": "GOTO Wed",
    "Sat": "700 VetHouse 30 14 1/800 Town 33 90 3/1200 Town 16 13 Eloise_write/1620 Town 54 72 0/1740 VetHouse 24 15 0/2100 VetHouse 33 23 2",
    "Sun": "700 VetHouse 30 14 1/900 VetHouse 30 25 3 \"Strings\\schedules\\Eloise:vethouse.000\"/1030 BirdHide 3 5 0 Eloise_kneel/1200 EastScarpe 26 36 1/1300 EastScarpe 55 89 2/1800 VetHouse 33 23 2",
    "spring": "610 VetHouse 30 14 1/700 EastScarpe 42 40 2/730 Town 100 95 1 \"Strings\\schedules\\Eloise:tuesday.004\"/930 Forest 37 10 1 \"Strings\\schedules\\Eloise:tuesday.000\"/1500 AnimalShop 16 14 2/1900 AnimalShop 6 5 0"
    
	
}


