{
"loadLate":true,


"addMaps": [   
   {
      "name": "ESOrchard",
      "file": "assets/Orchard.tmx"
    },
       {
      "name": "Underground1",
      "file": "assets/Underground1.tmx"
		},
{
      "name": "OrchardHouse",
      "file": "assets/OrchardHouse-ruins.tmx"
    },
{
      "name": "ESShack",
      "file": "assets/shack.tmx"
    },
    {
      "name": "SeaCave",
      "file": "assets/SeaMonsterCaves.tmx"
    },
   /* {
      "name": "MonsterSaloon",
      "file": "assets/MonsterPub.tmx"
    }*/
],


"mergeMaps": [
   {
      "name": "ESOrchard",
      "file": "assets/Orchard-river.tmx",
      "sourceArea": [ 0, 0, 15, 40 ],
      "position": [ 4, 0 ],
"conditions": "LC Luau.getMapProperty('EastScarpe','CanyonWater') == 'T'"
    },
 {
      "name": "ESOrchard",
      "file": "assets/Orchard-bridge-quarry.tmx",
      "sourceArea": [ 0, 0, 6, 1 ],
      "position": [ 5, 18 ],
"conditions": "t 1800 2600/LC Luau.getMapProperty('EastScarpe','CanyonWater') ~= 'T'"
    },
  {
      "name": "ESOrchard",
      "file": "assets/Orchard-bridge-river.tmx",
      "sourceArea": [ 0, 0, 6, 1 ],
      "position": [ 5, 18 ],
"conditions": "t 1800 2600/LC Luau.getMapProperty('EastScarpe','CanyonWater') == 'T'"
    }
 
      
   ]
}