{
    "Changes": [
       {
            "LogName": "NPC Manifestation",
            "Action": "EditData",
            "Target": "Data/NPCDispositions",
            "Entries": {
                "Cameron": "adult/polite/outgoing/positive/female/not-datable/null/Town/summer 14/Jasper ''/ESHouse2 17 5/{{i18n:NPCD.Cameron}}"
            },
            "When": {
                "HasMod |contains=CPBoardingHouse": false
            }
        },
        {
            "LogName": "NPC Manifestation",
            "Action": "EditData",
            "Target": "Data/NPCDispositions",
            "Entries": {
                "Cameron": "adult/polite/outgoing/positive/female/not-datable/null/Town/summer 14/Jasper ''/BoardingHouse 36 19/Cameron"
            },
            "When": {
                "HasMod |contains=CPBoardingHouse": true
            }
        },
        {
            "LogName": "NPC Manifestation - change Cameron gender based on host gender",
            "Action": "EditData",
            "Target": "Data/NPCDispositions",
            "Fields": {
                "Cameron": {
                    "4": "male"
                }
            },
            "When": {
                "PlayerGender": "male"
            }
        },
        {
            "LogName": "NPC Gift Tastes",
            "Action": "EditData",
            "Target": "Data/NPCGiftTastes",
            "Entries": {
                "Cameron": "{{i18n:gift.love.Cam}}/72 82 243 108 121 122 258 613 563/{{i18n:gift.like.Cam}}/96 97 98 99 554 459/{{i18n:gift.dislike.Cam}}/440 346 209/{{i18n:gift.hate.Cam}}/196 2 156/{{i18n:gift.neutral.Cam}}//"
            }
        },
        //Loads everything    
        {
            "LogName": "Cameron Portraits",
            "Action": "Load",
            "Target": "Portraits/Cameron",
            "FromFile": "assets/Portraits/Cameron-portraits.png"
        },
        {
            "LogName": "Cameron Sprites",
            "Action": "Load",
            "Target": "Characters/Cameron",
            "When": {
                "PlayerGender": "female"
            },
            "FromFile": "assets/Characters/CameronF.png"
        },
        {
            "LogName": "Cameron Sprites",
            "Action": "Load",
            "Target": "Characters/Cameron",
            "When": {
                "PlayerGender": "male"
            },
            "FromFile": "assets/Characters/CameronM.png"
        },
 {
         "LogName": "NPC Exclusion antisocial NPCs",
         "Action": "EditData",
         "Target": "Data/CustomNPCExclusions",
         "Entries": {
            "Cameron": "All"
         }
        },
        {
            "LogName": "Dialogue",
            "Action": "Load",
            "Target": "Characters/Dialogue/Cameron",
            "FromFile": "assets/Dialogue/Cameron.json"
        },
        {
            "LogName": "Schedule Dialogue",
            "Action": "Load",
            "Target": "Strings/schedules/Cameron",
            "FromFile": "assets/Schedule/CameronScheduleDialogue.json"
        },
        {
            "LogName": "Schedule",
            "Action": "Load",
            "Target": "Characters/schedules/Cameron",
            "FromFile": "assets/Schedule/CameronSchedule.json"
        },
        //Events
        {
            "Action": "EditData",
            "Target": "Data/Events/Farm",
            "Entries": {
                "55991001/e 50709930/f Jasper 2000": "continue/64 15/farmer 64 16 2/addTemporaryActor Cameron 16 32 64 18 0 true Character/skippable/pause 1500/speak Cameron \"Oh hi there! Can you help me, please?#$b#I've just arrived from Zuzu City, come to visit an old friend... and I'm lost.$2\"/emote farmer 8/pause 1000/speak Cameron \"Oh, sorry! My name's Peasbody, Professor Cameron Peasbody.$1#$b#Could you point me in the direction of the museum?$2\"/pause 500/emote farmer 16/pause 1000/question fork0 \"...#Follow the path into town, it's just over the stream.#You should go back to Zuzu. We don't want you here.\"/fork HelpCameron/pause 500/addMailReceived Cameron_Unwelcome/emote Cameron 60/pause 1500/speak Cameron \"I thought village folk were meant to be friendly.$5\"/pause 500/emote farmer 12/pause 2500/faceDirection farmer 0/warp farmer -100 -100/playSound doorClose/viewport 61 16/pause 1000/emote Cameron 28/pause 500/faceDirection Cameron 2/speak Cameron \"Okay... I suppose I deserved that.$2#$b#But...$2\"/pause 1000/faceDirection Cameron 0/pause 1500/speak Cameron \"This might be harder than I thought...$2\"/pause 2000/end",
                "HelpCameron": "pause 500/speak Cameron \"Thanks! I'll see you around; I hope to be here for a while.$1\"/pause 500/faceDirection Cameron 2/pause 1500/faceDirection Cameron 0/speak Cameron \"Oh, hey, I hear there's a saloon in town. We could meet up for a drink there sometime.#$b#If you wanted to, that is?$2\"/pause 500/emote farmer 40/pause 1500/speak Cameron \"Hey, no need to answer now. Don't be a stranger, okay? Later!\"/pause 1500/faceDirection Cameron 2/pause 1500/end"
            }
        },
        /*{
            "Action": "EditMap",
            "Target": "Maps/BoardingHouse",
            "FromFile": "assets/Maps/BoardingHouseCameron.tmx",
            "FromArea": {
                "X": 35,
                "Y": 15,
                "Width": 11,
                "Height": 8
            },
            "ToArea": {
                "X": 35,
                "Y": 15,
                "Width": 11,
                "Height": 8
            },
            "When": {
                "HasMod": "BusStopExpansion"
            }
        }*/
    ]
}