{
    "Changes": [
        {	"Action": "EditMap",
            "Target": "Maps/FarmCave",
            "MapTiles": [
                   {  	"Position": { "X": 15, "Y": 34 },
                          "Layer": "Buildings",
                          "SetProperties": { 	"Action": "Warp 19 31 MonsterSaloon"	}
                             }
                        ],
                "When": {	"HasMod": "DaisyNiko.Tilesheets",
                            "FarmCaveChange":true,
                            "Relationship:Dwarf":"Friendly"
                            }
                    },
        {	"Action": "EditMap",
            "Target": "Maps/Mine",
            "MapTiles": [
                      {	"Position": { "X": 45, "Y": 13 },
                          "Layer": "Buildings",
                          "SetProperties": {
                         "Action": "Warp 26 31 MonsterSaloon"
                              }
                         }
                    ],
                "When": {	"HasMod": "DaisyNiko.Tilesheets",
                            "FarmCaveChange":true,
                            "Relationship:Dwarf":"Friendly"
                            }
        }
    ]
}