{
    "Format": "1.11.0",
    "Changes": [

    {
        "Action": "Load",
        "Target": "Characters/Jeremy",
        "FromFile": "assets/Jeremy.png"
        },

    {
        "Action": "Load",
        "Target": "Characters/BlueJay",
        "FromFile": "assets/BlueJay.png"
            },
    {
        "Action": "Load",
        "Target": "Characters/MrGinger",
        "FromFile": "assets/MisterGSprites.png"
                    },

    {   "Action": "Load",
        "Target": "Characters/Jas_NoBow",
        "FromFile": "assets/Jas_NoBow.png"
    },
    {   "Action": "Load",
        "Target": "Portraits/Jas_NoBow",
        "FromFile": "assets/Jas_NoBowPortraits.png"
    },
    {
        "Action": "Load",
        "Target": "Portraits/Spirit",
        "FromFile": "assets/MonaGhost.png"
        },
    {
        "Action": "Load",
        "Target": "Characters/Spirit",
        "FromFile": "assets/Mona-Ghost.png"
            },

    {
        "Action": "Load",
        "Target": "Characters/ShadowPerson",
        "FromFile": "assets/ShadowPerson.png"
                    },

    {
        "Action": "Load",
        "Target": "Characters/Inigo",
        "FromFile": "assets/Inigo.png"
                    },
    {
        "Action": "EditImage",
        "Target": "Characters/Jas",
        "FromFile": "assets/JasCustomSprites.png",
        "FromArea": { "X": 0, "Y": 0, "Width": 64, "Height": 96},
        "ToArea":   { "X": 0, "Y": 224, "Width": 64, "Height": 96}
    },
    { "LogName": "Jas Dialogue",
        "Action": "EditData",
        "Target": "Characters/Dialogue/Jas",
        "FromFile": "assets/Jas.json"
    },

           
    { "LogName": "Heart-Related Date-specific Dialogue",
        "Action": "EditData",
        "Target": "Characters/Dialogue/Jas",
        "Entries": {
                "spring_28": "Today's the day my mom died, and Aunt Marnie and Uncle Shane are super-sad.$2#$b#I was just a baby, so I hardly remember her at all.$4"
                },
                "When": {
                    "Hearts:Jas": "4,5,6,7,8,9,10"
                        }
        },


    {   "LogName": "Jas 2,4,8-heart events",
        "Action": "EditData",
        "Target": "Data/Events/Forest",
        "Entries":{
        "50706112/f Jas 500/w sunny/z winter/t 1000 1500": "spring_day_ambient/71 45/farmer 83 39 3 Jas 70 44 2 Marnie -100 -100 2/skippable/addTemporaryActor Jeremy 16 32 70 45 2 false/showFrame Jas 3/pause 250/animate Jeremy false true 450 0 1 2 3/TextAboveHead Jas \"Hey little birdy.\"/pause 250/emote farmer 8/pause 250/speed farmer 4/move farmer -12 0 3/move farmer 0 6 2/pause 250/faceDirection Jas 1/faceDirection farmer 3/speak Jas \"Oh, hello Farmer @! I'm so glad you're here.#$b#I found this little bird.$3\"/faceDirection Jas 2/speak Jas \"He can't fly. He's hurt!$s#$b#We need to help him!$4\"/pause 250/stopAnimation Jeremy/pause 250/animate Jeremy false true 250 0 1 2 3/speak Jas \"Please, what do we do?$s\"/question fork1 \"#We should take him to Marnie.#It's hard, but sometimes you've got to let nature take its course\"/fork NoHelp/pause 200/speak Jas \"That's a great idea! Aunt Marnie'll make him all better again!$4\"/stopAnimation Jeremy/pause 250/move Jas 0 1 2/move Jeremy 0 2 2/pause 250/emote Jas 28/pause 250/move Jas 0 1 2/showFrame Jeremy 25/pause 750/playSound crow/pause 250/warp Jeremy -100 -100/showFrame Jas 29/textAboveHead Jas \"...Got him...\"/pause 450/showFrame Jas 28/speak Jas \"Let's take him to Aunt Marnie!\"/pause 500/stopMusic/globalfade/viewport -1000 -1000/changeLocation AnimalShop/warp Jas 29 15/warp Marnie 30 16/warp farmer 28 16/faceDirection Marnie 3/faceDirection farmer 1/showFrame Jas 28/showFrame Jeremy 16/viewport 24 17/showFrame Jas 29/pause 250/faceDirection Jas 2/warp Jeremy 29 16 2/animate Jeremy false true 500 23 10 23 10 0 1/pause 250/speak Jas \"I found a little bird, Aunt Marnie! He's hurt! He can't fly. Can you help him? Please say you can help him!$s\"/pause 250/emote Marnie 40/pause 500/speak Marnie \"You have a kind heart, Jas. But he's not hurt. He's a baby.$1\"/pause 250/emote Jas 16/Speak Jas \"A baby?$3\"/pause 250/speak Marnie \"Yes. And he hasn't found his wings yet.$1\"/pause 250/TextAboveHead Jas \"Oh...\"/pause 500/speak Jas \"Can we help him find them?\"/pause 500/speak Marnie \"I'm afraid not, Jas. He has to learn in his own time. Now, do you know what we need to do?\"/pause 250/TextAboveHead Jas \"Na-uh.\"/pause 500/speak Marnie \"We need to take him back where you found him. Because his mom and dad'll be getting worried.\"/pause 500/speak Jas \"But I touched him! Miss Penny says that if you touch a baby bird, its parents won't want it anymore.$s\"/pause 250/speak Marnie \"Miss Penny is very smart, but she doesn't know everything, petal.$2#$b#Birds make very good mothers. She'll never abandon her child.\"/pause 500/speak Jas \"Never ever?$3\"/speak Marnie \"Never ever.#$b#Now we'd better get this wee fella back!\"/globalfade/viewport -1000 -1000/changeLocation Forest/warp Marnie 69 45/faceDirection Marnie 1/warp Jas 70 44/showFrame Jas 28/warp farmer 71 45/faceDirection farmer 3/addTemporaryActor BlueJay 16 32 90 40 3 false/PlayMusic spring_day_ambient/viewport 71 45/pause 250/speak Jas \"This is the place, isn't it Farmer @?\"/pause 250/showFrame Jas 28/emote farmer 32/pause 250/speak Jas \"Go on. You're free now.\"/showFrame Jas 0/warp Jeremy 70 45 2/switchEvent ReleaseJeremy",
            "NoHelp": "pause 500/speak Jas \"But that's not fair! *sobs*$3#$b#I'm going to get Aunt Marnie! She'll help me if you won't!$2\"/pause 250/speed Jas 5/move Jas 0 -3 1/speed Jas 5/move Jas 3 0 0/move farmer 2 0 0/globalfade/viewport -1000 -1000/warp Marnie 69 41 1/warp Jas 70 40 2/move farmer -2 0 3/addTemporaryActor BlueJay 16 32 90 40 3 false/viewport 71 47/pause 250/speed Jas 4/move Jas 0 4 2/move Marnie 0 4 1/speak Jas \"Oh, you're still here, Farmer @\"/pause 250/speak Jas \"Aunt Marnie said you were right, but I'm still mad at you!$4#$b#You would've let him die, and he's only a baby!$2\"/emote Jas 12/switchEvent ReleaseJeremy", 
            "ReleaseJeremy": "playSound crow/faceDirection Jas 2/animate Jeremy false true 450 0 1 2 3/pause 250/speak Jas \"Oh. He still can't fly.$s\"/warp BlueJay 87 40 2/move BlueJay -15 0 3 false/playSound crow/faceDirection Jas 0/move Marnie 0 -1 0 false/faceDirection farmer 0/emote Jas 56/emote farmer 16/animate BlueJay false true 250 12 13 14 15 12 13 14 15/playSound crow/pause 250/stopAnimation Jeremy/playSound crow/faceDirection Jas 2/TextAboveHead Jas \"She came back!\"/pause 250/playSound crow/showFrame Jeremy 10/pause 500/stopAnimation BlueJay/move BlueJay -3 0 3 true/playSound crow/pause 250/faceDirection Marnie 2/FaceDirection farmer 2/animate Jeremy false false 350 16 17 18 19 12 13 14 15/pause 250/move Jeremy -1 0 3 true/move BlueJay -1 0 3 true/pause 250/playSound crow/move BlueJay -3 0 3 true/move Jeremy -3 0 3 true/faceDirection Jas 3/move BlueJay -3 0 3 true/move Jeremy -3 0 3 true/playSound crow/faceDirection Marnie 3/pause 200/faceDirection farmer 3/playSound crow/pause 500/animate Jas false false 450 0 24/pause 250/move BlueJay -3 0 3 true/move Jeremy -3 0 3 true/speak Jas \"He found his wings!$1\"/emote Jas 56/pause 250/emote Marnie 20/pause 1000/globalFade/viewport -1000 -1000/end dialogue Jas \"I saw the baby bird again! He's looking really happy!$1\"",
        "50706113/f Jas 1000/w sunny/t 2000 2400": "nightTime/86 23/Jas 90 18 2 farmer 93 24 3 Marnie -100 -100 0/skippable/addLantern 735 87 18 2/AddTemporaryActor MrGinger 16 32 89 19 1 false/pause 500/speak Jas \"Oh, I was so scared, Mr. Ginger.$s\"/shake Jas 250/pause 250/playSound cat/pause 250/animate MrGinger false false 120 16 17 18 18/pause 250/speak Jas \"I'm so glad I've got you to scare all the monsters away.\"/Pause 500/animate MrGinger false true 120 18/pause 2000/playSound cat/speak Jas \"Shane doesn't believe in the monsters.$s#$b#He says they're just nightmares, that they can't hurt me.$4#$b#But... they scare me, Mr. Ginger.$s\"/shake Jas 250/animate MrGinger false true 120 20 21 22 23/pause 450/move farmer -3 0 0/pause 250/emote Jas 16/TextAboveHead Jas \"Who's there?\"/pause 250/stopAnimation MrGinger/playSound cat/move farmer 0 -1 0/jump Jas 3/faceDirection Jas 2/pause 250/speak Jas \"Oh, it's you, Farmer @.#1\"/animate MrGinger false true 120 20 21 22 23/playSound cat/move farmer 0 -3 3/move farmer -2 0 0/move farmer 0 -2 1/pause 250/stopAnimation MrGinger/faceDirection MrGinger 3/playSound cat/speak Jas \"I had a bad dream, and Mr. Ginger was making me feel better.#$b$#Oh, it was about monsters. Do you believe in monsters, Farmer @$3?\"/question fork1 \"#Yes, and they're scary!#No, monsters aren't real.\"/fork NoMonsters/pause 200/emote Jas 32/speak Jas \"I knew you'd understand. You see better than most grown-ups.$1\"/pause 250/emote farmer 32/pause 250/speak Jas \"Mr. Ginger comes to see me when I'm scared. He helps keep the monsters away.#$b#How do you keep them away, Farmer @?\"/question fork1 \"#I destroy them with my sword!#I think happy thoughts. Monsters can sense fear.\"/fork HappyThoughts/pause 250/speak Jas \"You have a sword! Awesome! I wish I knew how to use a sword.#$b#Then I could be as strong and brave as you!$4\"/pause 350/animate MrGinger false false 120 16 17 18 18/speak Jas \"Thank you for talking to me, Farmer @.#$b#Not many grown-ups are as nice as you.\"/switchEvent eventEnd",
            "NoMonsters": "pause 250/emote Jas 40/speak Jas \"Oh... I thought you'd understand. But you're just like the others.$s#$b#Well, whether you, or Shane - or anyone! - believe in them, the monsters ARE real.$4#$b#And Mr. Ginger keeps me safe from them.\"/pause 250/animate MrGinger false false 120 16 17 18 18/playSound cat/switchEvent eventEnd",
            "HappyThoughts": "pause 250/speak Jas \"You mean, all I have to do is not be frightened?$3\"/shake Jas 250/emote Jas 60/pause 250/speak Jas \"I'm not sure I can do that.$2\"/playSound cat/pause 250/speak Jas \"But Mr. Ginger will try and help, won't you kitty?$4\"/pause 350/animate MrGinger false false 120 16 17 18 18/speak Jas \"Thank you for talking to me, Farmer @.#$b#Not many grown-ups are as nice as you.$1\"/switchEvent eventEnd",
            "eventEnd": "pause 500/speak Marnie \"Jas? Jasmine? Where are you?$4\"/pause 250/emote Jas 28/speak Jas \"I'm outside Aunt Marnie!$3\"/pause 250/speak Marnie \"Please come inside, petal!$2\"/pause 250/speak Jas \"Okay Aunt Marnie, I'm sorry.$3\"/pause 250/speak Jas \"I'll see you later Mr. Ginger. Thanks for coming to see me!#$b#And you too, Farmer @!$1\"faceDirection Jas 0/move Jas 0 -2 0/pause 250/warp Jas -100 -100/playSound doorOpen/animate MrGinger false false 120 16 17 18 18/playSound cat/pause 1000/end",
        "50706115/f Jas 2000/e 50706113/w sunny/z spring/z summer/t 2100 2400": "nightTime/86 23/farmer 93 24 3 Jas -100 -100 0/skippable/addLantern 735 87 18 2/pause 1000/addTemporaryActor MrGinger 16 32 89 16 2 false/addTemporaryActor ShadowPerson 16 32 -100 -100 2 false/pause 500/move MrGinger 0 3 0 false/pause 100/playSound cat/warp Jas 90 16/pause 250/textAboveHead Jas \"Ssshh\"/pause 400/move Jas 0 3 3 false/faceDirection MrGinger 1/pause 250/speak Jas \"Please be quiet Mr. Ginger! We don't want to wake Aunt Marnie or Uncle Shane, do we just?\"/faceDirection MrGinger 3/pause 250/animate MrGinger false false 250 32 33/pause 400/move MrGinger -3 0 2/move Jas -3 0 3/pause 250/speak Jas \"Sorry Mr. Ginger. I didn't mean to upset you.$2\"/pause 350/animate MrGinger false false 250 32 33/playSound cat/pause 400/pause 250/speak Jas \"Are you ready for an adventure? I've got everything I need: compass, pocket knife, and lots of snacks!$1\"/pause 250/animate MrGinger false false 250 32 12 32 12/pause 500/move MrGinger -3 0 2/playSound cat/move Jas -3 0 3/pause 500/emote farmer 16/pause 250/message \"Where's Jas off to? She shouldn't be wandering at night!\"/pause 250/move farmer -3 0 3/globalfade/viewport -1000 -1000/changeLocation Woods/warp Jas 8 8/faceDirection Jas 0/warp MrGinger 9 8/faceDirection MrGinger 0/warp farmer -100 -100/viewport 14 11/pause 500/speak Jas \"Wow, this is pretty wicked! What do you think it means, Mr. Ginger?$3#$b#'Old Mr. Cannoli' - Cannoli! Like the pasta! *giggles* - 'still longing for the sweet, sweet taste.'$1#$b#Do you think he'd like a cook-$3\"/playSound leafrustle/pause 250/textAboveHead Jas \"What's that?\"/pause 500/playSound shadowpeep/textAboveHead Jas \"Is someone there?\"/pause 250/animate MrGinger false false 250 30 31/shake Jas 250/textAboveHead Jas \"I'm scared...\"/pause 500/playSound shadowpeep/warp ShadowPerson 10 6 2/pause 500/jump Jas 4/pause 500/textAboveHead Jas \"Eeek!\"/pause 500/playSound shadowpeep/move MrGinger 2 0 0/speak Jas \"Be strong Jasmine, be brave, like Farmer @. You can do this.$4#$b#Monsters can tell when you're frightened, so don't be frightened.$2\"/pause 300/move Jas 2 0 0/pause 350/emote Jas 56/move ShadowPerson 0 1 2/pause 250/playSound shadowpeep/pause 250/speak Jas \"I'm not afraid of you!\"/pause 250/playSound shadowpeep/pause 250/animate ShadowPerson false true 250 4 5 6 7/playSound cat/pause 250/emote Jas 28/pause 250/speak Jas \"You're not evil at all, are you? You're just lonely. And sad. Because the void got into your heart.$3#$b#The void got into my Uncle Shane's heart too...$2\"/pause 250/playsound shadowpeep/pause 250/shake Jas 250/pause 350/speak Jas \"I bet no-one has ever been kind to you before.$3\"/stopAnimation ShadowPerson/pause 250/playsound shadowpeep/pause 250/playsound newRecipe/pause 250/speak Jas \"Would you like a cookie? Granny Evelyn made them. They're super chewy. Um, can you chew?$3\"/pause 250/animate ShadowPerson false false 250 4 5 6 7 8 9 10 11 12 13/playSound shadowpeep/pause 1000/pause 250/animate ShadowPerson false true 250 10 11 12 13/pause 500/pause 250/speak Jas \"You're a nice monster after all!$1\"/playSound shadowpeep/warp farmer 19 13/move farmer -10 0 0/pause 250/emote farmer 16/pause 200/speed farmer 4/move farmer 0 -5 1/pause 250/faceDirection Jas 3/faceDirection MrGinger 2/animate MrGinger false true 250 20 21 22 23/speak Jas \"Oh, hello Farmer @.$3#$b#No, don't scare her! She's my new friend.$1\"/stopAnimation ShadowPerson/showFrame Shadowperson 13/pause 250/textAboveHead ShadowPerson \"...freeend?\"/pause 350/emote farmer 32/pause 500/textAboveHead Jas \"Wait...\"/pause 250/faceDirection Jas 0/animate Jas false false 250 34 35 33 32 36/pause 1250/playSound newRecipe/faceDirection Jas 2/showframe Jas 30/pause 500/showframe Jas 37/move Jas 0 -1 0/pause 500/animate Jas false false 250 37 38 37 38 37 38 37 38/pause 2500/pause 1000/textAboveHead Jas \"There!\"/showframe ShadowPerson 14/changeSprite Jas NoBow/changePortrait Jas NoBow/move Jas 0 2 2/animate ShadowPerson false true 250 14 15 16 17/speak Jas \"Now, Farmer @ will know you're a friend and don't want to hurt us!$1\"/pause 250/stopAnimation ShadowPerson/pause 250/textAboveHead ShadowPerson \"...friend!\"/pause 250/faceDirection Jas 2/pause 250/pause 250/faceDirection Jas 0/speak Jas \"Now, you need a name... I think I'll call you Alice.$3\"/pause 250/textAboveHead ShadowPerson \"A-lis?\"/pause 450/emote Jas 20/pause 250/speak Jas \"Now Alice, I've got to go home, but I'll come back tomorrow and bring you another cookie, how does that sound?\"/pause 250/playSound shadowpeep/textAboveHead ShadowPerson \"Cookie!\"/pause 500/move Jas -1 0 0/faceDirection farmer 2/pause 500/speak Jas \"*whispers* She's my friend, Farmer @, so don't even think about hurting her!$4\"/pause 250/move Jas 1 0 0/pause 250/emote farmer 28/pause 1000/end"

              }
    }, 
    
    {   "LogName": "7-heart Event (Shane 8-heart dependent)",
        "Action": "EditData",
        "Target": "Data/Events/AnimalShop",
        "Entries":{
        "50706114/f Jas 1750/e 3900074/z winter/t 1000 1600": "distantBanjo/27 14/farmer 22 15 1 Marnie 30 16 1 Jas -1000 -1000 0 Shane -1000 -1000 0/skippable/pause 1000/faceDirection Marnie 3/pause 400/speak Marnie \"Oh, Hello, @! Are you here to see Shane? He and Jas are in the barn.\"/pause 1500/speak Marnie \"I'm sure they won't mind if you head in there.\"/pause 250/move farmer 8 0 0/pause 800/move farmer 0 -1 0/playSound doorClose/warp farmer -1000 -1000/pause 1600/globalFade/viewport -2000 -2000/changeToTemporaryMap MarnieBarn false/viewport -2000 -2000/addTemporaryActor Inigo 16 16 8 4 3 false/addTemporaryActor White_Chicken 16 16 -100 -100 2 false Animal Charlie/addTemporaryActor Blue_Chicken 16 16 1 4 1 false Animal chicken1/addTemporaryActor Blue_Chicken 16 16 10 4 3 false Animal chicken2/addTemporaryActor Blue_Chicken 16 16 11 7 3 false Animal chicken3/addTemporaryActor Blue_Chicken 16 16 5 6 0 false Animal chicken4/addTemporaryActor Void_Chicken 16 16 14 4 2 false Animal Ebony/warp Shane 5 3/showFrame Shane 28/warp Jas 4 3/faceDirection Jas 2/viewport 5 7 true/pause 500/move Ebony -1 0 3 true/pause 1000/move Inigo -3 0 3 true/pause 1500/move chicken2 0 2 2 true/Animate chicken3 false true 500 16 17 16 17 16 17/Animate chicken4 false true 450 20 21 20 21/pause 1000/speak Shane \"Now, Jas, what do chickens need to survive?\"/pause 200/speak Jas \"That's easy, Uncle Shane! Water. Food.#$b#And a place to sleep, where they won't get eaten by predators or monsters.$4\"/pause 500/emote Shane 40/pause 250/speak Shane \"Monsters, Jas?$9\"/pause 300/playSound cluck/pause 250/speak Jas \"Monsters! But they've got Ebony to keep them safe. She's a good guard chicken.\"/move Ebony -6 0 0/playSound cluck/pause 400/speak Shane \"Okay, Jas, yes. Ebony keeps them safe from monsters.$9\"/pause 250/speak Shane \"That's what chickens need to survive. But do you remember what they need to _thrive_?$9\"/pause 400/speak Jas \"Of course I do, Uncle Shane! Freedom to roam, and friends to play with! So they don't get lonely and sad.$4\"/pause 250/move Inigo -1 0 0/faceDirection Jas 1/speak Jas \"You were lonely and sad, weren't you, Uncle Shane?\"/pause 250/emote Shane 28/pause 250/showFrame Shane 29/pause 500/warp Charlie 5 4 2/showFrame Shane 30/playSound cluck/pause 500/playMusic echos/pause 400/showFrame Shane 19/speak Shane \"Yes Jas, I was. The sadness was like a deep, dark, pit that I couldn't seem to climb out of, no matter how much I wanted to.\"/pause 500/speak Jas \"Then Farmer @ came along, and helped you climb out of that pit, didn't they?$1#$b#And you're all better, now. You're not lonely or sad anymore?$1\"/pause 500/emote Shane 20/pause 500/speak Shane \"I wish it were that easy, kiddo, but the sadness is still here in my heart.$3#$b#I don't think it'll ever go away.$6\"/pause 350/speak Jas \"Oh...$3\"/pause 250/speak Shane \"But it's okay, kiddo, 'cos I don't feel alone anymore.#$b#I've got the chickens and Aunt Marnie. And you, Miss Jasmine!$4\"/pause 500/emote Jas 20/pause 250/speak Jas \"And Farmer @ too? You really like them, don't you?$4\"/pause 250/speak Shane \"Yes kiddo. @ too.$4\"/pause 250/playSound doorClose/stopMusic/faceDirection Jas 2/FaceDirection Shane 2/warp farmer 3 8/pause 500/jump Jas 1/jump Shane 1/emote Shane 28/pause 250/speak Shane \"Oh, um, hello @!$10\"/pause 250/move farmer 0 -4 1/pause 400/speak Shane \"I was just, err, teaching Jas some stuff about chickens... Yes. Chickens.$3\"/pause 400/speak Jas \"Did you know chickens get lonely, Farmer @?$4#$b#Uncle Shane used to be lonely too, until he met you!\"/pause 250/emote Shane 60/pause 400/speak Shane \"Hey you know what, Jas? I'm sure @ would love to be introduced to the flock. That's right, isn't it, @?$3\"/pause 500/emote farmer 32/pause 500/speak Jas \"Okay! This is Inigo! He's the rooster!$1#$b#No, not 'Indigo'! Inigo, like from the movie!$4#$b#And these are his girlfriends: Sapphire, Azure, and Cobalt and Cyan...$1\"/textAboveHead Shane \"*Phew*\"/pause 1000/end"
    }
},
{   "Action": "EditData",
    "Target": "Data/Events/Town",
    "Entries":{
    "50706116/f Jas 2500/e 50706115/e 50706114/d wed/t 2100 2400": "nightTime/40 92/farmer 51 95 3 Jas 33 91 1/skippable/addLantern 735 47 85 5/addTemporaryActor Spirit 16 32 -100 -100 1 false/showFrame Spirit 1/addTemporaryActor MrGinger 16 32 35 91 1 false/move MrGinger 5 0 3/playSound cat/pause 250/move Jas 5 0 1/pause 250/speak Jas \"I'm coming, Mr. Ginger! But I can't see in the dark like you can!$3\"/pause 250/move MrGinger 5 0 2/pause 250/playSound cat/move Jas 5 0 1/pause 250/faceDirection MrGinger 3/speak Jas \"And I'm going to get into so much trouble if Aunt Marnie catches me sneaking out again!$3\"/playSound leafrustle/pause 250/textAboveHead Jas \"What's that?\"/faceDirection Jas 0/pause 250/faceDirection Jas 2/speak Jas \"Oh, just the wind.\"/move MrGinger -1 0 3/pause 250/playSound cat/pause 250/move MrGinger 4 0 3/pause 250/playSound cat/pause 250/move Jas 4 0 1/pause 250/speak Jas \"Okay, okay. Keep your whiskers on!\"/pause 250/shake Jas 250/speak Jas \"The graveyard always feels like it's waiting, don't you think, Mr. Ginger?$3\"/pause 250/playSound cat/move MrGinger 0 -3 3 true/pause 250/move Jas 0 -3 0 true/pause 500/pause 250/speak Jas \"'Our beloved Mona'.$2.\"/pause 100/playMusic echos/speak Jas \"Hi Mom. I, um, brought you something.\"/move Jas -1 0 1/pause 250/addObject 47 88 595 0/pause 250/speak Jas \"Aunt Marnie says that you can hear me wherever I am, but Mr. Ginger insisted, didn't you Mr. Ginger?$4\"/pause 250/playSound cat/pause 250/animate MrGinger false true 120 20 21 22 23/pause 250/speak Jas \"Anyway, things are going great, now! Uncle Shane's still sad, but he smiles now, and doesn't say stuff that makes my heart hurt anymore.$3#$b#Well, not in a bad way, anyway. Sometimes there's like a happy ache.$1\"/pause 250/move farmer -4 0 0 true/playSound leafrustle/pause 250/faceDirection Jas 2/pause 250/stopAnimation MrGinger/showFrame MrGinger 19/pause 500/animate MrGinger false true 120 20 21 22 23/faceDirection Jas 1/pause 250/speak Jas \"I've loads of animal friends - some are even a little bit scary! - and Aunt Marnie says I can live in the ranch forever, if I want.#$b#I've learned heaps from Miss Penny, even though I have to help Vinny with his schoolwork.$3#$b#I'm friends with our neighbor,Farmer @ too. You'd like them - they're cool!$1\"/pause 250/emote farmer 32/emote Jas 20/pause 350/speak Jas \"Anyway, that's all, Mom. I just came to say 'Hi'. And we all miss you.#$b#Um, I wish you were still around, so I could introduce you to Jeremy and Alice, and all my other friends.$2\"/pause 500/faceDirection Jas 0/pause 1000/faceDirection Jas 2/stopAnimation MrGinger 20/pause 500/move Jas 0 4 3/move MrGinger 0 3 3/pause 250/faceDirection MrGinger 0/animate MrGinger false true 350 8 10 8 10/pause 250/stopMusic/playSound cat/pause 250/faceDirection Jas 1/textAboveHead Jas \"What is it?\"/pause 250/playMusic moonlightJellies/faceDirection Jas 0/pause 250/textAboveHead Jas \"Oh!\"/warp Spirit 47 87/animate Spirit false false 350 1 2 3 4/pause 1250/showFrame Spirit 4/pause 250/animate Spirit false true 650 0 4 0 4/textAboveHead Jas \"Mom?\"/emote farmer 8/pause 450/speak Spirit \"Jasmine? My darling baby girl, oh, how you've grown!\"/pause 250/speed Jas 3/move Jas 0 -4 1/pause 250/speak Jas \"Mom? You're here, you're really here?$2\"/pause 250/speak Spirit \"Yes, petal, for a short time, I am. I love you so very much, and I'm so proud of you.#$b#I'm so, so sorry, I couldn't watch you grow into the amazing girl you've become.\"/pause 250/speak Jas \"I'm sorry too, Mom.$2\"/pause 450/speak Spirit \"I don't have long, my sweet. But I needed to see you, and to give you something. A memento.\"/stopAnimation Spirit 0/pause 250/showFrame Spirit 5/pause 250/textAboveHead Jas \"A necklace?\"/pause 250/speak Spirit \"Yes, my sweet, but not just any necklace. The forest is in your blood, and this will help you embrace it.\"/pause 250/emote Jas 8/pause 500/speak Spirit \"I must go now, petal. Goodbye. I love you.\"/pause 500/speak Jas \"No Mom. Please, don't go! I don't understand!$2\"/pause 500/move Jas 0 -1 1/pause 500/textAboveHead Jas \"No!\"/pause 250/animate Spirit false false 250 11 7 8 9 10 11 11 11 11/pause 1250/showFrame Spirit 11/pause 1250/speak Jas \"Mom? I love you too. Mom! Mom?$2\"/showFrame Spirit 11/pause 500/shake Jas 350/pause 500/pause 1000/playSound pickUpItem/warp Spirit -1000 -1000/pause 500/showFrame Jas 31/pause 1000/faceDirection Jas 0/speak Jas \"Goodbye Mom. And thank you.$2\"/stopAnimation MrGinger 0/pause 2000/playSound newRecipe/move Jas 0 3 2/move MrGinger -2 0 3/pause 250/playSound cat/faceDirection Jas 2/speak Jas \"Oh, Mr. Ginger, that was my mom! My mom!$2\"/playSound cat/pause 250/emote farmer 20/pause 1000/end"
    }
},

  {   "LogName": "Pink Wader Migration part 1",
                "Action": "EditImage",
                "Target": "TileSheets/Critters",
                "FromFile": "assets/PinkWader.png",
                "FromArea": { "X": 0, "Y": 0, "Width": 320, "Height": 32},
                "ToArea":   { "X": 0, "Y": 0, "Width": 320, "Height": 32},
                    "When":{ 
                        "Season": "Summer",
                        "Day": "12, 13, 14"
                     }
            },
            {  "LogName": "Pink Wader Migration part 2",
                "Action": "EditImage",
                "Target": "TileSheets/Critters",
                "FromFile": "assets/PinkWader.png",
                "FromArea": { "X": 0, "Y": 32, "Width": 128, "Height": 32},
                "ToArea":   { "X": 0, "Y": 32, "Width": 128, "Height": 32},
                    "When":{ 
                    "Season": "Summer",
                    "Day": "12, 13, 14"
                 }
            },
//Russian Translation by Ghost3lboom

{ "LogName": "Jas Dialogue",
    "Action": "EditData",
    "Target": "Characters/Dialogue/Jas",
    "FromFile": "assets/Jas-RU.json",
    "When": {
        "Language": "ru"
}
},

{ "LogName": "Heart-Related Date-specific Dialogue",
    "Action": "EditData",
    "Target": "Characters/Dialogue/Jas",
    "Entries": {
            "spring_28": "Сегодня день смерти моей мамы, и тетя Марни и дядя Шейн очень грустят.$2#$b#Я была совсем маленькой, так что почти не помню свою маму.$4"
            },
            "When": {
                "Hearts:Jas": "4,5,6,7,8,9,10",
                "Language": "ru"
                    }
    },


{   "LogName": "Jas 2,4,8-heart events",
    "Action": "EditData",
    "Target": "Data/Events/Forest",
    "Entries":{
    "50706112/f Jas 500/w sunny/z winter/t 1000 1500": "spring_day_ambient/71 45/farmer 83 39 3 Jas 70 44 2 Marnie -100 -100 2/skippable/addTemporaryActor Jeremy 16 32 70 45 2 false/showFrame Jas 3/pause 250/animate Jeremy false true 450 0 1 2 3/TextAboveHead Jas \"Привет, маленькая птичка.\"/pause 250/emote farmer 8/pause 250/speed farmer 4/move farmer -12 0 3/move farmer 0 6 2/pause 250/faceDirection Jas 1/faceDirection farmer 3/speak Jas \"О, привет, дядя фермер! Я так рада, что ты здесь.^О, привет, тётя фермер! Я так рада, что ты здесь.#$b#Я нашла эту маленькую птичку.$3\"/faceDirection Jas 2/speak Jas \"Но полететь она не может. Ей больно!$s#$b#Нам нужно ей помочь!$4\"/pause 250/stopAnimation Jeremy/pause 250/animate Jeremy false true 250 0 1 2 3/speak Jas \"Но что же нам делать?$s\"/question fork1 \"#Мы должны отнести её к Марни.#Всё это очень сложно, но иногда нужно позволить природе идти своим чередом\"/fork NoHelp/pause 200/speak Jas \"Это отличная идея! Тётя Марни, я уверена, вылечит её!$4\"/stopAnimation Jeremy/pause 250/move Jas 0 1 2/move Jeremy 0 2 2/pause 250/emote Jas 28/pause 250/move Jas 0 1 2/showFrame Jeremy 25/pause 750/playSound crow/pause 250/warp Jeremy -100 -100/showFrame Jas 29/textAboveHead Jas \"...Отнести её...\"/pause 450/showFrame Jas 28/speak Jas \"Давай отнесём её к тёте Марни!\"/pause 500/stopMusic/globalfade/viewport -1000 -1000/changeLocation AnimalShop/warp Jas 29 15/warp Marnie 30 16/warp farmer 28 16/faceDirection Marnie 3/faceDirection farmer 1/showFrame Jas 28/showFrame Jeremy 16/viewport 24 17/showFrame Jas 29/pause 250/faceDirection Jas 2/warp Jeremy 29 16 2/animate Jeremy false true 500 23 10 23 10 0 1/pause 250/speak Jas \"Тётя Марни, я нашла маленькую птичку! Она ранена! Она не может летать. Сможешь её помочь? Пожалуйста, скажи, что ты сможешь!$s\"/pause 250/emote Marnie 40/pause 500/speak Marnie \"У тебя доброе сердце, Джас. Однако ей ничего не угрожает. Ведь она ещё ребёнок.$1\"/pause 250/emote Jas 16/Speak Jas \"Ребёнок?$3\"/pause 250/speak Marnie \"Да. И она ещё не научилась летать.$1\"/pause 250/TextAboveHead Jas \"O...\"/pause 500/speak Jas \"Мы можем её научить летать?\"/pause 500/speak Marnie \"Я боюсь, что нет, Джас. Ей нужно учиться самостоятельно. Ты ведь понимаешь, что нам нужно сделать?\"/pause 250/TextAboveHead Jas \"Не-а.\"/pause 500/speak Marnie \"Нам нужно вернуть её туда, где вы её нашли. Ведь её мама и папа будут волноваться.\"/pause 500/speak Jas \"Но я дотронулась до него! Мисс Пенни говорила, что если прикоснуться к птенцу, то родители бросят его.$s\"/pause 250/speak Marnie \"Мисс Пенни очень умна, но она не знает всего, лепесток.$2#$b#Из птиц получаются очень хорошие матери. Она никогда не бросит своего ребёнка.\"/pause 500/speak Jas \"Никогда-никогда?$3\"/speak Marnie \"Никогда-никогда!#$b#А теперь нам лучше вернуть этого крохотного малыша!\"/globalfade/viewport -1000 -1000/changeLocation Forest/warp Marnie 69 45/faceDirection Marnie 1/warp Jas 70 44/showFrame Jas 28/warp farmer 71 45/faceDirection farmer 3/addTemporaryActor BlueJay 16 32 90 40 3 false/PlayMusic spring_day_ambient/viewport 71 45/pause 250/speak Jas \"Это ведь то самое место, дядя фермер?^Это ведь то самое место, тётя фермер?\"/pause 250/showFrame Jas 28/emote farmer 32/pause 250/speak Jas \"Лети. Теперь ты свободна.\"/showFrame Jas 0/warp Jeremy 70 45 2/switchEvent ReleaseJeremy",
        "NoHelp": "pause 500/speak Jas \"Но это же несправедливо! *всхлипывает*$3#$b#Я иду за тётей Марни! Если ты не хочешь этого сделать, то она мне поможет!$2\"/pause 250/speed Jas 5/move Jas 0 -3 1/speed Jas 5/move Jas 3 0 0/move farmer 2 0 0/globalfade/viewport -1000 -1000/warp Marnie 69 41 1/warp Jas 70 40 2/move farmer -2 0 3/addTemporaryActor BlueJay 16 32 90 40 3 false/viewport 71 47/pause 250/speed Jas 4/move Jas 0 4 1/move Marnie 0 4 1/speak Jas \"Ой, ты всё ещё здесь, фермер @\"/pause 250/speak Jas \"Тётя Марни сказала, что ты был прав, но я всё ещё злюсь на тебя!^Тётя Марни сказала, что ты была права, но я всё ещё злюсь на тебя!$4#$b#Ты оставил бы её умирать, а она, оказывается, ещё ребёнок!^Ты оставила бы её умирать, а она, оказывается, ещё ребёнок!$2\"/emote Jas 12/switchEvent ReleaseJeremy", 
        "ReleaseJeremy": "playSound crow/faceDirection Jas 2/animate Jeremy false true 450 0 1 2 3/pause 250/speak Jas \"Ох. Она до всё ещё не может лететь.$s\"/warp BlueJay 87 40 2/move BlueJay -15 0 3 false/playSound crow/faceDirection Jas 0/move Marnie 0 -1 0 false/faceDirection farmer 0/emote Jas 56/emote farmer 16/animate BlueJay false true 250 12 13 14 15 12 13 14 15/playSound crow/pause 250/stopAnimation Jeremy/playSound crow/faceDirection Jas 2/TextAboveHead Jas \"Это мама птички вернулась!\"/pause 250/playSound crow/showFrame Jeremy 10/pause 500/stopAnimation BlueJay/move BlueJay -3 0 3 true/playSound crow/pause 250/faceDirection Marnie 2/FaceDirection farmer 2/animate Jeremy false false 350 16 17 18 19 12 13 14 15/pause 250/move Jeremy -1 0 3 true/move BlueJay -1 0 3 true/pause 250/playSound crow/move BlueJay -3 0 3 true/move Jeremy -3 0 3 true/faceDirection Jas 3/move BlueJay -3 0 3 true/move Jeremy -3 0 3 true/playSound crow/faceDirection Marnie 3/pause 200/faceDirection farmer 3/playSound crow/pause 500/animate Jas false false 450 0 24/pause 250/move BlueJay -3 0 3 true/move Jeremy -3 0 3 true/speak Jas \"О, она полетела!$1\"/emote Jas 56/pause 250/emote Marnie 20/pause 1000/globalFade/viewport -1000 -1000/end dialogue Jas \"Я ещё раз увидела птенца! Она выглядит очень счастливой!$1\"",
    "50706113/f Jas 1000/w sunny/t 2000 2400": "nightTime/86 23/Jas 90 18 2 farmer 93 24 3 Marnie -100 -100 0/skippable/addLantern 735 87 18 2/AddTemporaryActor MrGinger 16 32 89 19 1 false/pause 500/speak Jas \"Ох, я так испугалась, мистер Джинджер.$s\"/shake Jas 250/pause 250/playSound cat/pause 250/animate MrGinger false false 120 16 17 18 18/pause 250/speak Jas \"Я так рада, что у меня есть ты. Тебе никакие монстры не страшны.\"/Pause 500/animate MrGinger false true 120 18/pause 2000/playSound cat/speak Jas \"Шейн не верит в монстров.$s#$b#Он говорит, что это просто кошмары. Они не могут причинить мне вреда.$4#$b#Но... я боюсь их, мистер Джинджер.$s\"/shake Jas 250/animate MrGinger false true 120 20 21 22 23/pause 450/move farmer -3 0 0/pause 250/emote Jas 16/TextAboveHead Jas \"Кто здесь?\"/pause 250/stopAnimation MrGinger/playSound cat/move farmer 0 -1 0/jump Jas 3/faceDirection Jas 2/pause 250/speak Jas \"А, это ты, фермер @.#1\"/animate MrGinger false true 120 20 21 22 23/playSound cat/move farmer 0 -3 3/move farmer -2 0 0/move farmer 0 -2 1/pause 250/stopAnimation MrGinger/faceDirection MrGinger 3/playSound cat/speak Jas \"Мне приснился плохой сон, и Мистер Джинджер успокоил меня.#$b$#Ах да, мы говорили о монстрах. Ты веришь в чудовищ, фермер @$3?\"/question fork1 \"#Да, и они очень страшные!#Нет, монстров не существует.\"/fork NoMonsters/pause 200/emote Jas 32/speak Jas \"Я знала, что ты поймёшь. У тебя зрение лучше, чем у большинства взрослых.$1\"/pause 250/emote farmer 32/pause 250/speak Jas \"Мистер Джинджер приходит ко мне, когда мне страшно. Он помогает отгонять монстров.#$b#А чем же ты их отпугиваешь, фермер @?\"/question fork1 \"#Я сокрушаю их своим мечом!#Мне приходят в голову счастливые мысли. Монстры могут чувствовать страх.\"/fork HappyThoughts/pause 250/speak Jas \"У тебя есть меч! Потрясающе! Жаль, что я не умею пользоваться мечом.#$b#Тогда я могла бы быть такой же сильной и храброй, как ты!$4\"/pause 350/animate MrGinger false false 120 16 17 18 18/speak Jas \"Спасибо, что поговорил со мной, фермер @.^Спасибо, что поговорила со мной, фермер @.#$b#Не многие взрослые такие милые, как ты.\"/switchEvent eventEnd",
        "NoMonsters": "pause 250/emote Jas 40/speak Jas \"Ох... Я то думала, ты поймёшь. Но ты такой же, как и все остальные.^Ох... Я то думала, ты поймёшь. Но ты такая же, как и все остальные.$s#$b#Ну, будь то ты, или Шейн или кто угодно! Верь в них, монстры существуют на самом деле.$4#$b#Мистер Джинджер оберегает меня от них.\"/pause 250/animate MrGinger false false 120 16 17 18 18/playSound cat/switchEvent eventEnd",
        "HappyThoughts": "pause 250/speak Jas \"Ты хочешь сказать, что всё, что мне нужно сделать, это не бояться?$3\"/shake Jas 250/emote Jas 60/pause 250/speak Jas \"Я не уверена, что у меня получится.$2\"/playSound cat/pause 250/speak Jas \"Но мистер Джинджер постарается помочь, правда, котик?$4\"/pause 350/animate MrGinger false false 120 16 17 18 18/speak Jas \"Спасибо, что поговорил со мной, дядя @.^Спасибо, что поговорила со мной, тётя @.#$b#Не многие взрослые такие милые, как ты.$1\"/switchEvent eventEnd",
        "eventEnd": "pause 500/speak Marnie \"Джас? Жасмин? Где ты?$4\"/pause 250/emote Jas 28/speak Jas \"Я на улице, тётя Марни!$3\"/pause 250/speak Marnie \"Пойдём в дом, лепесток!$2\"/pause 250/speak Jas \"Ладно, тётя Марни, прости меня.$3\"/pause 250/speak Jas \"Увидимся позже, Мистер Джинджер. Спасибо, что зашёл навестить меня!#$b#И тебе тоже спасибо, фермер @!$1\"faceDirection Jas 0/move Jas 0 -2 0/pause 250/warp Jas -100 -100/playSound doorOpen/animate MrGinger false false 120 16 17 18 18/playSound cat/pause 1000/end",
    "50706115/f Jas 2000/e 50706113/w sunny/z spring/z summer/t 2100 2400": "nightTime/86 23/farmer 93 24 3 Jas -100 -100 0/skippable/addLantern 735 87 18 2/pause 1000/addTemporaryActor MrGinger 16 32 89 16 2 false/addTemporaryActor ShadowPerson 16 32 -100 -100 2 false/pause 500/move MrGinger 0 3 0 false/pause 100/playSound cat/warp Jas 90 16/pause 250/textAboveHead Jas \"Т-с-с!\"/pause 400/move Jas 0 3 3 false/faceDirection MrGinger 1/pause 250/speak Jas \"Пожалуйста, успокойся, мистер Джинджер! Мы же не хотим разбудить тётю Марни или дядю Шейна, правда?\"/faceDirection MrGinger 3/pause 250/animate MrGinger false false 250 32 33/pause 400/move MrGinger -3 0 2/move Jas -3 0 3/pause 250/speak Jas \"Извини, мистер Джинджер. Я не хотела тебя расстраивать.$2\"/pause 350/animate MrGinger false false 250 32 33/playSound cat/pause 400/pause 250/speak Jas \"Готов к приключениям? У меня есть всё, что мне нужно: компас, карманный нож и много закусок!$1\"/pause 250/animate MrGinger false false 250 32 12 32 12/pause 500/move MrGinger -3 0 2/playSound cat/move Jas -3 0 3/pause 500/emote farmer 16/pause 250/message \"Куда это Джас собралась? Она не должна бродить по ночам!\"/pause 250/move farmer -3 0 3/globalfade/viewport -1000 -1000/changeLocation Woods/warp Jas 8 8/faceDirection Jas 0/warp MrGinger 9 8/faceDirection MrGinger 0/warp farmer -100 -100/viewport 14 11/pause 500/speak Jas \"Ух, как же это ужасно! Как думаешь, что это значит, мистер Джинджер?$3#$b#'Старый Мистер Канноли' - Канноли! Прямо как макароны! *хихикает* - 'по-прежнему тоскует по сладкому, сладкому вкусу.'$1#$b#Думаешь, ему понравится пече-$3\"/playSound leafrustle/pause 250/textAboveHead Jas \"А это ещё что такое?\"/pause 500/playSound shadowpeep/textAboveHead Jas \"Там кто-то есть?\"/pause 250/animate MrGinger false false 250 30 31/shake Jas 250/textAboveHead Jas \"М-мне с-страшно...\"/pause 500/playSound shadowpeep/warp ShadowPerson 10 6 2/pause 500/jump Jas 4/pause 500/textAboveHead Jas \"А-а-а!\"/pause 500/playSound shadowpeep/move MrGinger 2 0 0/speak Jas \"Будь сильной Жасмин, будь храброй, как фермер @. Ты сможешь.$4#$b#Монстры узнают, если ты боишься, так что не пугайся.$2\"/pause 300/move Jas 2 0 0/pause 350/emote Jas 56/move ShadowPerson 0 1 2/pause 250/playSound shadowpeep/pause 250/speak Jas \"Я тебя не боюсь!\"/pause 250/playSound shadowpeep/pause 250/animate ShadowPerson false true 250 4 5 6 7/playSound cat/pause 250/emote Jas 28/pause 250/speak Jas \"Ты ведь совсем не злая, правда? Ты просто одинока. И тебе грустно. Потому что пустота проникла в твоё сердце.$3#$b#Пустота проникла и в сердце моего дяди Шейна...$2\"/pause 250/playsound shadowpeep/pause 250/shake Jas 250/pause 350/speak Jas \"Держу пари, что никто никогда не был добр к тебе раньше.$3\"/stopAnimation ShadowPerson/pause 250/playsound shadowpeep/pause 250/playsound newRecipe/pause 250/speak Jas \"Может быть, ты хочешь печеньки? Бабушка Эвелин сама их приготовила. Они очень вкусные. Эм, хочешь?$3\"/pause 250/animate ShadowPerson false false 250 4 5 6 7 8 9 10 11 12 13/playSound shadowpeep/pause 1000/pause 250/animate ShadowPerson false true 250 10 11 12 13/pause 500/pause 250/speak Jas \"В конце концов, ты славный монстр!$1\"/playSound shadowpeep/warp farmer 19 13/move farmer -10 0 0/pause 250/emote farmer 16/pause 200/speed farmer 4/move farmer 0 -5 1/pause 250/faceDirection Jas 3/faceDirection MrGinger 2/animate MrGinger false true 250 20 21 22 23/speak Jas \"О, привет, фермер @.$3#$b#Нет-нет, не пугай её! Она моя новая подруга.$1\"/stopAnimation ShadowPerson/showFrame Shadowperson 13/pause 250/textAboveHead ShadowPerson \"...Подруууууга?\"/pause 350/emote farmer 32/pause 500/textAboveHead Jas \"Подожди...\"/pause 250/faceDirection Jas 0/animate Jas false false 250 34 35 33 32 36/pause 1250/playSound newRecipe/faceDirection Jas 2/showframe Jas 30/pause 500/showframe Jas 37/move Jas 0 -1 0/pause 500/animate Jas false false 250 37 38 37 38 37 38 37 38/pause 2500/pause 1000/textAboveHead Jas \"Вот так!\"/showframe ShadowPerson 14/changeSprite Jas NoBow/changePortrait Jas NoBow/move Jas 0 2 2/animate ShadowPerson false true 250 14 15 16 17/speak Jas \"А теперь, фермер @ будет знать, что ты друг и не хочешь причинить нам боль!$1\"/pause 250/stopAnimation ShadowPerson/pause 250/textAboveHead ShadowPerson \"...Друуг!\"/pause 250/faceDirection Jas 2/pause 250/pause 250/faceDirection Jas 0/speak Jas \"А теперь тебе нужно имя... Пожалуй, я буду звать тебя Алиса.$3\"/pause 250/textAboveHead ShadowPerson \"А-лиса?\"/pause 450/emote Jas 20/pause 250/speak Jas \"А теперь, Алиса, мне пора домой, но я вернусь завтра и принесу тебе ещё печенья, хорошо?\"/pause 250/playSound shadowpeep/textAboveHead ShadowPerson \"Печенье!\"/pause 500/move Jas -1 0 0/faceDirection farmer 2/pause 500/speak Jas \"*шепчет* Она - моя подруга, фермер @, так что даже не думай причинять ей боль!$4\"/pause 250/move Jas 1 0 0/pause 250/emote farmer 28/pause 1000/end"
          },
    "When": {
        "Language": "ru"
    }
}, 

{   "LogName": "7-heart Event (Shane 8-heart dependent)",
    "Action": "EditData",
    "Target": "Data/Events/AnimalShop",
    "Entries":{
    "50706114/f Jas 1750/e 3900074/z winter/t 1000 1600": "distantBanjo/27 14/farmer 22 15 1 Marnie 30 16 1 Jas -1000 -1000 0 Shane -1000 -1000 0/skippable/pause 1000/faceDirection Marnie 3/pause 400/speak Marnie \"O, привет, @! Тебе нужно увидеться с Шейном? Он с Джас сейчас в сарае.\"/pause 1500/speak Marnie \"Я уверена, что они не будут возражать, если ты зайдёшь к ним.\"/pause 250/move farmer 8 0 0/pause 800/move farmer 0 -1 0/playSound doorClose/warp farmer -1000 -1000/pause 1600/globalFade/viewport -2000 -2000/changeToTemporaryMap MarnieBarn false/viewport -2000 -2000/addTemporaryActor Inigo 16 16 8 4 3 false/addTemporaryActor White_Chicken 16 16 -100 -100 2 false Animal Charlie/addTemporaryActor Blue_Chicken 16 16 1 4 1 false Animal chicken1/addTemporaryActor Blue_Chicken 16 16 10 4 3 false Animal chicken2/addTemporaryActor Blue_Chicken 16 16 11 7 3 false Animal chicken3/addTemporaryActor Blue_Chicken 16 16 5 6 0 false Animal chicken4/addTemporaryActor Void_Chicken 16 16 14 4 2 false Animal Ebony/warp Shane 5 3/showFrame Shane 28/warp Jas 4 3/faceDirection Jas 2/viewport 5 7 true/pause 500/move Ebony -1 0 3 true/pause 1000/move Inigo -3 0 3 true/pause 1500/move chicken2 0 2 2 true/Animate chicken3 false true 500 16 17 16 17 16 17/Animate chicken4 false true 450 20 21 20 21/pause 1000/speak Shane \"А теперь, Джас, что нужно курочкам, чтобы выжить?\"/pause 200/speak Jas \"Это же просто, дядя Шейн! Вода. Еда.#$b#И место для сна, где их не съедят хищники или монстры.$4\"/pause 500/emote Shane 40/pause 250/speak Shane \"Moнстры, Джас?$9\"/pause 300/playSound cluck/pause 250/speak Jas \"Монстры! Но теперь здесь есть Эбони, которая охраняет их. Она хорошая сторожевая курочка.\"/move Ebony -6 0 0/playSound cluck/pause 400/speak Shane \"Хорошо, Джас, да. Эбони защищает их от монстров.$9\"/pause 250/speak Shane \"Вот что нужно курочкам, чтобы выжить. Но помнишь ли ты, что им нужно, чтобы рости?$9\"/pause 400/speak Jas \"Ну конечно же, дядя Шейн! Возможность свободно гулять и играть с друзьями! Чтобы им не было одиноко и грустно.$4\"/pause 250/move Inigo -1 0 0/faceDirection Jas 1/speak Jas \"Тебе было одиноко и грустно, не так ли, дядя Шейн?\"/pause 250/emote Shane 28/pause 250/showFrame Shane 29/pause 500/warp Charlie 5 4 2/showFrame Shane 30/playSound cluck/pause 500/playMusic echos/pause 400/showFrame Shane 19/speak Shane \"Да, Джас, так оно и было. Печаль была похожа на глубокую, тёмную яму, из которой я не мог выбраться, как бы сильно я этого ни хотел.\"/pause 500/speak Jas \"Фермер @ пришёл и помог тебе выбраться из этой ямы, не так ли?^Фермер @ пришла и помогла тебе выбраться из этой ямы, не так ли?$1#$b#И теперь тебе стало намного лучше. Ты больше не одиноко и не грустно?$1\"/pause 500/emote Shane 20/pause 500/speak Shane \"Я хотел бы, чтобы всё было так просто, малыш, но печаль всё ещё живёт в моём сердце.$3#$b#Я не думаю, что она когда-нибудь пройдёт.$6\"/pause 350/speak Jas \"O-о...$3\"/pause 250/speak Shane \"Но всё в порядке, малыш, потому что я больше не чувствую себя брошенным.#$b#У меня есть курочки и тётя Марни. И ты, мисс Жасмин!$4\"/pause 500/emote Jas 20/pause 250/speak Jas \"И фермер @ тоже? Похоже, он всерьёз тебе нравится?^И Фермер @ тоже? Похоже, она всерьёз тебе нравится?$4\"/pause 250/speak Shane \"Да, малыш. @ тоже.$4\"/pause 250/playSound doorClose/stopMusic/faceDirection Jas 2/FaceDirection Shane 2/warp farmer 3 8/pause 500/jump Jas 1/jump Shane 1/emote Shane 28/pause 250/speak Shane \"О, эммм... привет @!$10\"/pause 250/move farmer 0 -4 1/pause 400/speak Shane \"Я просто... э-э-э... учил Джас кое-чему о курочках... Да. О курочках.$3\"/pause 400/speak Jas \"Знаешь ли ты, фермер @, что цыплятам тоже бывает одиноко?$4#$b#Дядя Шейн тоже был одинок, пока не встретил тебя!\"/pause 250/emote Shane 60/pause 400/speak Shane \"Эй, знаешь что, Джас? Я уверен, что @ тоже хочет познакомиться с этой стаей. Верно, @?$3\"/pause 500/emote farmer 32/pause 500/speak Jas \"Ладно! А это Иниго! Он - петух!$1#$b#Нет-нет, не тот 'Индиго'! Иниго, прямо как в кино!$4#$b#А это его подружки: Сапфир, Лазурь, Кобальт и Синева...$1\"/textAboveHead Shane \"*Фу-у-ух*\"/pause 1000/end"
                },
"When": {
    "Language": "ru"
            }
},
{   
    "Action": "EditData",
    "Target": "Data/Events/Town",
    "Entries":{
    "50706116/f Jas 2500/e 50706115/e 50706114/d wed/t 2100 2400": "nightTime/40 92/farmer 51 95 3 Jas 33 91 1/skippable/addLantern 735 47 85 5/addTemporaryActor Spirit 16 32 -100 -100 1 false/showFrame Spirit 1/addTemporaryActor MrGinger 16 32 35 91 1 false/move MrGinger 5 0 3/playSound cat/pause 250/move Jas 5 0 1/pause 250/speak Jas \"Я иду, мистер Джинджер! Но я не могу видеть в темноте так, как ты!$3\"/pause 250/move MrGinger 5 0 2/pause 250/playSound cat/move Jas 5 0 1/pause 250/faceDirection MrGinger 3/speak Jas \"И у меня будут большие неприятности, если тётя Марни снова поймает меня на том, что я улизнула!$3\"/playSound leafrustle/pause 250/textAboveHead Jas \"А это ещё что такое?\"/faceDirection Jas 0/pause 250/faceDirection Jas 2/speak Jas \"А, всего лишь ветер.\"/move MrGinger -1 0 3/pause 250/playSound cat/pause 250/move MrGinger 4 0 3/pause 250/playSound cat/pause 250/move Jas 4 0 1/pause 250/speak Jas \"Ладно, ладно. Держи свои усы!\"/pause 250/shake Jas 250/speak Jas \"Кладбище всегда как будто чего-то ждёт, не так ли, мистер Джинджер?$3\"/pause 250/playSound cat/move MrGinger 0 -3 3 true/pause 250/move Jas 0 -3 0 true/pause 500/pause 250/speak Jas \"'Наша любимая Мона'.$2.\"/pause 100/playMusic echos/speak Jas \"Привет, Мама. Я, эм, принесла тебе кое-что.\"/move Jas -1 0 1/pause 250/addObject 47 88 595 0/pause 250/speak Jas \"Тётя Марни говорила, что ты слышишь меня, где бы я ни была, но мистер Джинджер настоял, чтобы я сюда пришла. Правда, мистер Джинджер?$4\"/pause 250/playSound cat/pause 250/animate MrGinger false true 120 20 21 22 23/pause 250/speak Jas \"В любом случае, сейчас дела идут отлично! Дядя Шейн всё ещё грустит, но теперь он улыбается и почти не говорит того, что заставляет моё сердце болеть.$3#$b#Ну, во всяком случае, не в плохом смысле. Иногда это напоминает какую-то приятную боль.$1\"/pause 250/move farmer -4 0 0 true/playSound leafrustle/pause 250/faceDirection Jas 2/pause 250/stopAnimation MrGinger/showFrame MrGinger 19/pause 500/animate MrGinger false true 120 20 21 22 23/faceDirection Jas 1/pause 250/speak Jas \"У меня куча друзей-животных, а некоторые даже немного страшноваты! Тётя Марни говорит, что я могу жить на ранчо вечно, если захочу.#$b#Я многому научилась у мисс Пенни, хотя мне и приходится помогать Винни в учёбе.$3#$b#Я также дружу с нашим соседом, фермером @. Тебе бы они понравились - они классные!$1\"/pause 250/emote farmer 32/emote Jas 20/pause 350/speak Jas \"Ну вот и всё, мама. Я просто пришла сказать тебе 'привет'. Мы все скучаем по тебе.#$b#Мне бы хотелось, чтобы ты была рядом, чтобы я могла представить тебя Джерри, Алисе и всем моим друзьям.$2\"/pause 500/faceDirection Jas 0/pause 1000/faceDirection Jas 2/stopAnimation MrGinger 20/pause 500/move Jas 0 4 3/move MrGinger 0 3 3/pause 250/faceDirection MrGinger 0/animate MrGinger false true 350 8 10 8 10/pause 250/stopMusic/playSound cat/pause 250/faceDirection Jas 1/textAboveHead Jas \"Что такое?\"/pause 250/playMusic moonlightJellies/faceDirection Jas 0/pause 250/textAboveHead Jas \"O!\"/warp Spirit 47 87/animate Spirit false false 350 1 2 3 4/pause 1250/showFrame Spirit 4/pause 250/animate Spirit false true 650 0 4 0 4/textAboveHead Jas \"Mама?\"/emote farmer 8/pause 450/speak Spirit \"Жасмин? Моя дорогая малышка, как же ты выросла!\"/pause 250/speed Jas 3/move Jas 0 -4 1/pause 250/speak Jas \"Мама? Ты здесь, ты правда здесь?$2\"/pause 250/speak Spirit \"Да, лепесток, на какое-то время это так. Я так сильно люблю тебя и так горжусь тобой.#$b#Мне так жаль, что я не смогу посмотреть, как ты станешь удивительной девушкой.\"/pause 250/speak Jas \"Мне тоже очень жаль, мама.$2\"/pause 450/speak Spirit \"Мне осталось совсем недолго, моя сладкая. Но мне нужно было увидеть тебя и передать тебе этот сувенир.\"/stopAnimation Spirit 0/pause 250/showFrame Spirit 5/pause 250/textAboveHead Jas \"Ожерелье?\"/pause 250/speak Spirit \"Да, моя милая, но это не просто ожерелье. Лес у тебя в крови, и это поможет тебе признать его.\"/pause 250/emote Jas 8/pause 500/speak Spirit \"А теперь мне пора, лепесток. Прощай. Я люблю тебя.\"/pause 500/speak Jas \"Нет, Мама. Пожалуйста, не уходи! Я ничего не понимаю!$2\"/pause 500/move Jas 0 -1 1/pause 500/textAboveHead Jas \"НЕЕТ!\"/pause 250/animate Spirit false false 250 11 7 8 9 10 11 11 11 11/pause 1250/showFrame Spirit 11/pause 1250/speak Jas \"Мама? Я тоже тебя люблю. Мама! Мама?$2\"/showFrame Spirit 11/pause 500/shake Jas 350/pause 500/pause 1000/playSound pickUpItem/warp Spirit -1000 -1000/pause 500/showFrame Jas 31/pause 1000/faceDirection Jas 0/speak Jas \"Прощай, мама. И спасибо тебе.$2\"/stopAnimation MrGinger 0/pause 2000/playSound newRecipe/move Jas 0 3 2/move MrGinger -2 0 3/pause 250/playSound cat/faceDirection Jas 2/speak Jas \"Ох, мистер Джинджер, это была моя мама! Моя мама!$2\"/playSound cat/pause 250/emote farmer 20/pause 1000/end"
    },
    "When": {
        "Language": "ru"
}
}





]
}

