{
    "Introduction": "I'm a big kid now!",
    "Mon": "Today's Monday! I know that. I'm smart.",
    "Tue": "I drawed you a picture, Dada.^I drawed you a picture, Mama#$4#Can't you tell? It's %pet!",
    "Wed": "Can we go to the playground today? I wanna play on the slide and swing on the swings.#$b#Dada pushes so hard, it's like flying!", 
    "Thu": "Miss Penny's gonna take us on a field trip tomorrow.#$b#I dunno what that means though. We've fields, I don't gotta go anywhere to see them!",
    "Fri": "I've been learning the alphabet song, wanna hear it?#$b#A-B-C-D-EFG-H-I... Oh, I forget what comes next.",
    "Sat": "#$q 50701/50702 Sky_Blue#Why's the sky blue, Dada?^What's the sky blue, Mama?#$r 50701 10 Sky_Yoba#Because that's the way Yoba made the world, %kid1.#$r 50701 10 Blue_Science#Because molecules in the air scatter blue light more than they scatter red light, making the sky appear blue.#$r 50702 10 Sky_Father#Oh, I don't know. Why don't you ask your father?",
      "Sky_Blue": "Oh? What's a moley-cure?",
      "Sky_Father": "Okay! I will! Papa'll know. He's real smart!",
      "Sky_Yoba": "Yoba? You mean the magical seed and the light and stuff? Papa says that's just a story.",
  "Blue_Science": "$p 50701#So... light is kinda like a magic grain, and you can spread it across the place, and it makes things change color? That's really cool!|Papa said it was science what made the sky blue.#$b#An' if I wanted to know more about science, I should ask Nurse Maru or Mr. Demetrius.",
    "Sun": "I was digging for treasure, and look what I found! [2 103 110 171 169 369 311 112 113]#$b#You can have it!",
    "Mon2": "I gotta question.#$q 6000 question_1#Why you do farming stuff?#$r 6000 15 q_1#I want to make tons of money.#$r 6000 15 q_2#It's more 'real' than living in the city.#$r 6000 15 q_3#To follow in great-grandpa's footsteps.#$r 6000 15 q_4#I wanted to escape my old life.",
    "q_1": "You got tons of money?",
    "q_2": "Wha's 'more real' mean?",
    "q_3": "Great-grandpa's a farmer?",
    "q_4": "Why? Was it super dangerous or some'ing?",
    "question_1": "$p 6000#... I still got questions.",
    "spring_12": "The Egg Festival's tomorrow! I wanna go!#$e#Can I go? Why not?",
    "spring_13": "I'm sad today, I wanna go to the Egg Festival... Why can't I go?#$e#It just no fair!",
    "spring_23": "There's a flower Dance tomorrow?#$b#Do the flowers dance?"   
}