{
"loadLate":true,


"addMaps": [   
   {
      "name": "ESOrchard",
      "file": "assets/Orchard.tmx"
    },
       {
      "name": "Underground1",
      "file": "assets/Underground1.tmx"
		},
{
      "name": "OrchardHouse",
      "file": "assets/OrchardHouse-ruins.tmx"
    },
{
      "name": "ESShack",
      "file": "assets/shack.tmx"
    },
    {
      "name": "SeaCave",
      "file": "assets/SeaMonsterCaves.tmx"
    }
],
"onlyWarps":[
 
   {  "name": "Town", 
      "addWarps": [
       "120 93 EastScarpe 1 91 120 94 EastScarpe 1 92 120 95 EastScarpe 1 93 120 96 EastScarpe 1 94 121 93 EastScarpe 2 91 121 94 EastScarpe 2 92 121 95 EastScarpe 2 93 121 96 EastScarpe 2 94"
     ]
   }
 ],

"mergeMaps": [
   {
      "name": "ESOrchard",
      "file": "assets/Orchard-river.tmx",
      "sourceArea": [ 0, 0, 15, 40 ],
      "position": [ 4, 0 ],
"conditions": "LC Luau.getMapProperty('EastScarpe','CanyonWater') == 'T'"
    },
 {
      "name": "ESOrchard",
      "file": "assets/Orchard-bridge-quarry.tmx",
      "sourceArea": [ 0, 0, 6, 1 ],
      "position": [ 5, 18 ],
"conditions": "t 1800 2600/LC Luau.getMapProperty('EastScarpe','CanyonWater') ~= 'T'"
    },
  {
      "name": "ESOrchard",
      "file": "assets/Orchard-bridge-river.tmx",
      "sourceArea": [ 0, 0, 6, 1 ],
      "position": [ 5, 18 ],
"conditions": "t 1800 2600/LC Luau.getMapProperty('EastScarpe','CanyonWater') == 'T'"
    }
 
      
   ]
}