{
	
	"Changes": [
	
		{
		
			"LogName": "NPC Manifestation",
			"Action": "EditData",
			"Target": "Data/NPCDispositions", 
			"Entries": { 
			
				"Peasbody": "adult/polite/outgoing/positive/female/not-datable/null/Town/summer 8/Jasper 'Love of my Life'/TristanHouse 6 4/Cameron"		
			        }
		},
		
		{
		
			"LogName": "NPC Gift Tastes",
			"Action": "EditData",
			"Target": "Data/NPCGiftTastes",
			"Entries": {
				"Peasbody": "wow, thanks! You've been doing your research. I love this!/72 82 243 108 121 122 258 613 563/This is wicked - and I mean that in a good way!/96 97 98 99 554 459/Um, yeah, not really my thing but it's the thought that counts, I guess.../440 346 209/Oh aren't you a jokester? What is this? Trash?/196 2 156/Thanks!//" 
				      }
		},

					
		{
		
			"LogName": "Peasbody Portraits", 
			"Action": "Load",
			"Target": "Portraits/Peasbody",
			"FromFile": "assets/Cameron-portraits.png"		
		},
		
		{		
			"LogName": "Peasbody Sprites", 
			"Action": "Load",
			"Target": "Characters/Peasbody",
			"FromFile": "assets/PeasbodyF.png"			
		},
		
		{
			"LogName": "Dialogue", 
			"Action": "Load",
			"Target": "Characters/Dialogue/Peasbody",
			"FromFile": "assets/Dialogue.json"
		},
		{
	"LogName": "Schedule Dialogue", 
	"Action": "Load",
	"Target": "Strings/schedules/Peasbody",
	"FromFile": "assets/ScheduleDialogue.json"
		},
{
        "Action": "EditData",
        "Target": "Strings/schedules/Peasbody",
        "Entries":
		{ "tree1":"say this thing",
		"tree2": "say this other thing",
		"tree3": "say this last thing"
			}
},

{
	"LogName": "Schedule", 
	"Action": "Load",
	"Target": "Characters/schedules/Peasbody",
	"FromFile": "assets/schedule.json"
		},

{
        "Action": "EditData",
        "Target": "Characters/schedules/Peasbody",
        "Entries":{
    "spring": "630 Town 7 19 0 \"Strings\\schedules\\Peasbody:{{Random:tree1, tree2, tree3}}\"/1800 EastScarpe 6 26"}
			}

	]

}
		
		
