{
	
	"Changes": [
{
    "LogName": "NPC Manifestation",
    "Action": "EditData",
    "Target": "Data/NPCDispositions",
    "Entries": {
        "Aideen":"adult/rude/outgoing/neutral/female/datable/Jacob/Town/summer 21/Tristan ''/ESHouse1 6 4/Aideen"
    }
},
{
    "LogName": "NPC Gift Tastes",
    "Action": "EditData",
    "Target": "Data/NPCGiftTastes",
    "Entries": {
        "Aideen": "This is absolutely splendid! I adore it./104 106 597/This is wonderful, and I am grateful./-80 64 68 60 540 376/Why are you presenting me this wretched thing?/84 213 -4/How dare you give this to me? It's frightful!/190 197 206 346/Thank you./-2 -26/"
    }
},
//Loves: Bue Jazz, Elvish Jewelry, Ornamental fan
//Likes flowers, baryte
//hates Beer, cauliflower and cauliflower dishes, pizza.
	//Aideen
    {
        "LogName": "Aideen Portraits",
        "Action": "Load",
        "Target": "Portraits/Aideen, Characters/Aideen",
        "FromFile": "assets/{{Target}}/Aideen.png"
    },
    {
        "LogName": "Dialogue",
        "Action": "Load",
        "Target": "Characters/Dialogue/Aideen",
        "FromFile": "assets/{{Target}}/Dialogue.json"
    },
    {
        "LogName": "Schedule",
        "Action": "Load",
        "Target": "Characters/schedules/Aideen",
        "FromFile": "assets/{{Target}}/Schedule.json"
    },
    {
        "LogName": "Animations",
        "Action": "EditData",
        "Target": "Data/animationDescriptions",
        "Entries": {
            "aideen_sleep": "24/24/24"
           
    }
}
]
}