{
	"Changes": [
		//Temporary Actors and Locations
		{
			"LogName": "Mandarin Duck",
			"Action": "Load",
			"Target": "Characters/MandarinDuck",
			"FromFile": "assets/Images/Mandarin_Duck_water.png"
		},
		{
			"LogName": "Mandarin Duck",
			"Action": "Load",
			"Target": "Characters/DuckNPC",
			"FromFile": "assets/Images/Duck-Mandarin-land.png"
		},
		/*{
			"LogName": "Chickens",
			"Action": "Load",
			"Target": "Characters/LilacChicken,PinkChicken",
			"FromFile": "assets/Images/{{TargetWithoutPath}}.png"
		},*/
		{
			"LogName": "Mandarin Duck",
			"Action": "Load",
			"Target": "Characters/schedules/DuckNPC",
			"FromFile": "assets/Characters/schedules/Duck.json"
		},
		{
			"LogName": "Mandarin Duck",
			"Action": "Load",
			"Target": "Characters/Dialogue/DuckNPC",
			"FromFile": "assets/Characters/Dialogue/Duck.json"
		},
		{
			"LogName": "Mandarin Duck",
			"Action": "Load",
			"Target": "Portraits/DuckNPC",
			"FromFile": "assets/Images/DuckPortrait.png"
		},
		{
			"LogName": "Emperor Duck's AntiSocial Flag",
			"Action": "EditData",
			"Target": "Data/AntiSocialNPCs",
			"Entries": {
				"DuckNPC": true
			},
			"When": {
				"HasSeenEvent |contains=57870002": true,
				"HasMod": "SuperAardvark.AntiSocial"
			}
		},
		{
			"LogName": "NPC Manifestation",
			"Action": "EditData",
			"Target": "Data/NPCDispositions",
			"Entries": {
				"DuckNPC": "adult/rude/outgoing/positive/male/not-datable/null/Town/null//EastScarpe 21 62/The Emperor"
			},
			"When": {
				"HasSeenEvent": "57870002",
				"HasMod": "SuperAardvark.AntiSocial"
			}
		},
		{
			"LogName": "DeepMountains",
			"Action": "Load",
			"Target": "Maps/DeepMountainsVan",
			"FromFile": "assets/Maps/DeepMountains_Van.tmx"
		},
		{
			"LogName": "Events for VetHouse",
			"Action": "Load",
			"Target": "Data/Events/VetHouse",
			"FromFile": "assets/blank.json"
		},
		/***********
		E V E N T S
		***********/
		{ //	Aquarium Event: after donating Blobfish
			"Action": "EditData",
			"Target": "Data/Events/FishMuseum",
			"Entries": {
				"57870001/f Jacob 500/Hn AquariumDonated:Blobfish": "submarine_song/29 33/Eloise 26 34 3 Jacob 25 34 1 farmer 20 36 0/skippable/pause 500/speak Eloise \"I don't wanna go in there. You know I don't like blobfish!$2\"/pause 500/speak Jacob \"I'm not going to make you, Ellie. But you might be pleasantly surprised.$3\"/pause 500/emote Eloise 12/move farmer 5 0 0/speak Jacob \"Oh, here's @!\"/faceDirection Jacob 2 true/faceDirection Eloise 2 true/speak Jacob \"I hear you've played a big role in helping bring this place to life.\"/pause 500/emote farmer 32/pause 500/speak Jacob \"Henry, the Curator, asked me to stop by and check on the latest arrival.#$b#But I have to confess, fish are not my specialty.$2\"/pause 500/emote Jacob 28/speak Jacob \"I thought Eloise would be more ... enthusiastic.$2\"/pause 500/speak Eloise \"I read up heaps on the blobfish, and it turns out they're not actually really blobby at all, farmer @.#$b#Only they live under super high pressure and when you pull them out, their bodies decompress and they kind of explode.$3#$b#It's gross and makes me sad.$2\"/emote Jacob 40/pause 500/speak Jacob \"You can stay here if you like, Ellie, but I've got to go and do my job, okay?\"/pause 500/textAboveHead Eloise \"Okay...\"/pause 500/move Jacob 0 -2 1/move Jacob 10 0 0 true/pause 500/speak Eloise \"Did you catch the blobfish, farmer @?$2\"/pause 500/emote farmer 60/pause 500/speak Eloise \"Well, I think that was very mean of you.$2\"/faceDirection Eloise 0/pause 500/move Eloise 0 -2 1/move Eloise 8 0 0/move Jacob 0 -2 0/jump Eloise 5/emote Eloise 16/move Eloise 0 -2 0/move farmer 0 -4 1/move farmer 7 0 1/faceDirection farmer 0/speak Eloise \"But... he's not blobby at all!\"/faceDirection Jacob 3 true/faceDirection Eloise 1 true/speak Jacob \"The tank's pressured, Ellie. It keeps the environment similar to how it would be for them, in the wild.\"/pause 500/faceDirection Eloise 0/textAboveHead Eloise \"That's so cool!\"/pause 2000/move farmer 3 0 0/emote Jacob 32/pause 500/faceDirection Jacob 2/speak Jacob \"It's a fine specimen, @.\"/pause 500/emote farmer 32/pause 500/speak Eloise \"He's still kinda ugly though!$1\"/pause 1000/end"
			}
		},
		{
			"Action": "EditData",
			"Target": "Data/Events/EastScarpe",
			"Entries": {
				//Eloise 2-heart event
				"57870002/f Eloise 500/z winter/t 1000 1600/d Tue Wed Fri": "{{season}}_day_ambient/23 67/Eloise 20 67 1 farmer 16 69 1/addTemporaryActor MandarinDuck 16 32 28 64 3 false/addMailReceived Ellie_Mandarin/skippable/swimming MandarinDuck/pause 500/speed MandarinDuck 2/advancedMove MandarinDuck false -5 0 0 3 -1 0/move farmer 4 0 0/pause 500/faceDirection Eloise 2/speak Eloise \"Hello Farmer @! Have you come to visit my new friend?\"/pause 500/faceDirection Eloise 1/playSound Duck/pause 500/emote Eloise 32/pause 500/faceDirection Eloise 2/speak Eloise \"Do you know what he is, @?\"/pause 500/quickQuestion #Um... a duck.#... an emperor wood duck.#... a russet-bellied quackster.#Who cares, it's just a bird.(break)speak Eloise \"Well obviously!#$b#You really don't know a lot about birds, do you farmer @?#$b#He's an emperor wood duck.$1\"(break)friendship Eloise 50\\emote Eloise 20\\speak Eloise \"Wow, you really know your birds!\"(break)speak Eloise \"You made that up.$1#$b#You're silly!$1#$b#He's an emperor wood duck of course!\"(break)friendship Eloise -50\\emote Eloise 12\\speak Eloise \"Just a bird? Well.. you're just a mammal. A two-legged, rude mammal!$2\"/pause 500/faceDirection Eloise 1/speak Eloise \"You've come a long way, haven't you Mr. Wood Duck.#$b#All the way from Gotoro. That's hundreds and hundreds of miles.$3#$b#You must be hungry.$2\"/emote farmer 16/jump farmer 3/showFrame 9/addObject 20 67 216 1/pause 500/playSound Duck/pause 100/playSound Duck/faceDirection Eloise 2/emote Eloise 16/textAboveHead Eloise \"No!\"/removeSprite 20 67/speak Eloise \"Don't feed him bread! It's really bad for ducks!$2\"/emote farmer 40/emote MandarinDuck 12/faceDirection farmer 1/faceDirection MandarinDuck 1/move MandarinDuck 3 0 3/animate MandarinDuck false true 350 20 21 22 23 22 23/emote farmer 8/faceDirection farmer 0/speak Eloise \"$q 5787001 null#...#$r 5787002 50 Eloise_Duck_Y#What can I feed him then?#$r 5787002 0 Eloise_Duck_W#But he wants it!#$r 5787003 25 Eloise_Duck_G#What about grapes? Can I give him grapes?#$r 5787004 -100 Eloise_Duck_N#You're a very bossy child.\"/fork 5787004 Eloise_Bossy_Child/pause 500/stopAnimation MandarinDuck/pause 500/playSound Duck/faceDirection Eloise 1/faceDirection farmer 1/pause 500/move MandarinDuck -2 0 3/animate MandarinDuck false true 350 20 21 22 23 22 23/speak Eloise \"But it's best if he finds his own food.#$b#I'm gonna talk to Dad. He doesn't look hurt, but it's weird for him to be here.#$b#Maybe he blew over in a storm... Or escaped from a bird park.$3\"/pause 500/faceDirection Eloise 2/speak Eloise \"I've gotta go now. Come visit again soon!#$b#Just don't bring bread!\"/faceDirection Eloise 1/textAboveHead Eloise \"See you later Mr. Duck.\"/pause 1500/move Eloise 0 -4 0 true/pause 500/end",
				"Eloise_Bossy_Child": "pause 500/faceDirection Eloise 1/speak Eloise \"I'll see you later Mr. Duck.\"/pause 500/faceDirection Eloise 2/emote Eloise 40/pause 1500/faceDirection Eloise 0/move Eloise 0 -4 0 true/pause 500/end",
				//Jacob and Eloise 2-heart event
				"57870004/f Jacob 500/f Eloise 500/t 1000 1600/d Tue Wed Fri": "{{season}}_day_ambient/19 15/Eloise -100 -100 2 Jacob -100 -100 0 farmer 24 11 2/skippable/move farmer 0 3 3/move farmer -3 0 0/pause 1000/playSound doorOpen/warp Eloise 14 12/move Eloise 0 1 1 true/move farmer 0 -1 3 true/pause 1000/jump Eloise 4/textAboveHead Eloise \"Farmer!\"/speed Eloise 4/move Eloise 3 0 1/move farmer -3 0 3/speak Eloise \"Hello farmer @!$1#$b#You've come to visit us!\"/emote farmer 32/speak Eloise \"Dad's in the barn! Wanna come and meet the animals?$3\"/emote farmer 56/pause 1000/textAboveHead Eloise \"Great!\"/speak Eloise \"Follow me, Dad'll be so happy to see you. We were talking about you, and your farm and.... come on!$1\"/speed Eloise 5/move Eloise -3 0 1/speak Eloise \"what are you waiting for?\"/emote farmer 60/move farmer -3 0 3/move Eloise 0 -1 0/warp Eloise -100 -100/move farmer -1 0 0/move farmer 0 -1 0/pause 500/warp farmer -100 -100/fade/playSound doorClose/viewport -1000 -1000/changeLocation JacobBarn/warp Jacob 12 7/warp Eloise 11 13/viewport 13 8/speed Eloise 5/move Eloise 0 -6 1/faceDirection Jacob 3/speak Jacob \"Hey Ellie. Everything okay?$2\"/jump Eloise 2/speak Eloise \"Everything's great!$1#$b#Farmer @'s coming to meet the animals!\"/pause 500/emote Jacob 28/textAboveHead Jacob \"Oh Ellie...\"/playSound thudStep/warp farmer 11 13/faceDirection Jacob 2 true/faceDirection Eloise 2 true/emote Jacob 60/move Jacob 0 3 3 true/move farmer 0 -3 1 true/emote Eloise 32/pause 1000/speak Jacob \"It's good to see you, @. Sorry I'm a bit of a mess...$2#$b#I wasn't expecting a guest.$2\"/quickQuestion #You and me both! But that's the farming life.#There's straw in your hair.#As long as we don't shake hands, you're good.#Sorry to drop in uninvited.(break)speak Jacob \"Heh... yes, you're right of course.$4#$b#It isn't very glamorous, is it? But there's no life I'd rather lead.$1\"(break)speak Jacob \"Oh goodness, sorry... Sherbet's a bit of an enthusiastic eater.$2\"(break)speak Jacob \"Yes... of course... I'm sorry.$2#$b#%Jacob sheepishly wipes his hands on his trousers.\"(break)speak Eloise \"Hey, you weren't uninvited! I invited you!$1\"\\emote Jacob 32\"/pause 500/speak Jacob \"Well, welcome to our barn.$1#$b#Feel free to stop by if you need any advice.#$b#Animals here are generally pretty healthy but...$2\"/pause 500/jump Eloise 4/speak Eloise \"Dad helps injured wild animals too! And there's been loads of them!$2\"/speak Jacob \"Yes, @. There are predators around.... I recommend you keep your livestock in at night.\"/pause 500/faceDirection Jacob 0/faceDirection farmer 0/speak Jacob \"Anyway, Ellie, why don't you introduce farmer @ to the animals?\"/jump Eloise 3/textAboveHead Eloise \"Okay!\"/move Eloise -3 0 0 true/move farmer 0 -3 3 true/pause 1000/move farmer -2 0 0/speak Eloise \"This is Lord Sherbet! He's an alpaca.#$b#They're the llama's friendly cousin!$1\"/pause 500/move Eloise -4 0 0 true/move farmer -4 0 0 true/pause 1000/speak Eloise \"And over here, we have his girlfriend, Lady Snowflake!\"/move Jacob 0 -3 3/emote Jacob 20/pause 1000/end",
				//Jacob 4-heart event
				"57870003/d tue sat sun/f Jacob 1000/t 1100 1600/w sunny": "{{season}}_day_ambient/32 35/Jacob 28 35 1 farmer 39 36 3/skippable/pause 1000/move Jacob 5 0 2 true/move farmer -5 0 0 true/pause 2000/speak Jacob \"Oh, hello @. Sorry, I can't talk right now... urgent business.\"/question fork0 \"...#I'll leave you to it then.#Anything I can help with?\"/fork NoHelpJacob/pause 500/jump Jacob 3/speak Jacob \"You want to help? That would be appreciated.$1#$b#A flock of chickens have been dumped on the slopes of Mount Evermore.$3\"/emote farmer 16/speak Jacob \"A rescue group were coming to help me catch them... but they're stuck in Grampleton.$2#$b#I could certainly use another pair of hands!\"/pause 500/question fork0 \"...#I can't help, I'm too busy. Good luck though.#I'm happy to help.\"/fork NoHelpJacob/pause 500/emote Jacob 20/speak Jacob \"That would be great, thank you.$1\"/pause 500/textAboveHead Jacob \"Jump in\"/speed Jacob 4/move Jacob 0 -2 0 true/speed farmer 4/move farmer -2 0 3 true/fade/viewport -100 -100/playSound doorClose/pause 500/playSound doorClose/pause 1500/playSound busDriveOff/pause 2000/changeToTemporaryMap DeepMountainsVan/warp farmer -100 -100/warp Jacob 69 58/addTemporaryActor Brown_Chicken 16 16 47 43 1 false Animal chicken1/addTemporaryActor Brown_Chicken 16 16 51 44 1 false Animal chicken2/addTemporaryActor Brown_Chicken 16 16 56 42 1 false Animal chicken3/addTemporaryActor Brown_Chicken 16 16 78 46 2 false Animal chicken4/addTemporaryActor Brown_Chicken 16 16 57 58 0 false Animal chicken5/addTemporaryActor Brown_Chicken 16 16 67 44 3 false Animal chicken6/addTemporaryActor Brown_Chicken 16 16 55 53 1 false Animal chicken7/addTemporaryActor White_Chicken 16 16 51 57 2 false Animal chicken8/addTemporaryActor White_Chicken 16 16 48 51 2 false Animal chicken9/addTemporaryActor White_Chicken 16 16 62 45 0 false Animal chicken10/addTemporaryActor White_Chicken 16 16 55 46 3 false Animal chicken11/addTemporaryActor White_Chicken 16 16 67 60 0 false Animal chicken12/addTemporaryActor White_Chicken 16 16 53 49 1 false Animal chicken13/addTemporaryActor BabyWhite_Chicken 16 16 47 44 1 false Animal chicken14/addTemporaryActor BabyBrown_Chicken 16 16 63 51 2 false Animal chicken15/addTemporaryActor BabyWhite_Chicken 16 16 68 59 1 false Animal chicken16/viewport 63 50/pause 1000/playSound cluck/pause 500/playSound cluck/advancedMove chicken11 true 0 4 4 0 0 -4 -4 0/animate chicken13 false true 240 24 25 26 27/animate chicken10 false true 240 24 25 26 27/playSound cluck/animate chicken8 true true 500 16 17/move Jacob 0 -2 1/playSound doorOpen/warp farmer 69 55/faceDirection farmer 3 true/faceDirection Jacob 3 true/jump farmer 5/emote farmer 16/pause 1000/stopAnimation chicken13/playSound cluck/Message \"Wow, that's a lot of chickens!\"/move Jacob -1 0 3/move chicken15 0 2 1 true/move chicken5 0 -2 1 true/playSound cluck/emote Jacob 40/pause 1000/faceDirection Jacob 0/speak Jacob \"This is going to take some time...#$b#Have you ever herded chickens before, @?\"/pause 500/emote farmer 28/stopAnimation chicken10/pause 1000/quickQuestion #How hard can it be?#Nope, but I'm eager to learn!#My chickens come when called.(break)speak Jacob \"Oh, plenty hard, as soon you'll see!$1\"(break)speak Jacob \"Excellent!$1\"(break)speak Jacob \"You must be quite the chicken whisperer!$1\"/pause 1000/speak Jacob \"These girls aren't truly feral... they've been released fairly recently.#$b#It's important that we catch them now, before they get eaten by foxes or lose all trust in humans.\"/emote farmer 56/pause 500/speak Jacob \"First we're going to lure them towards us with some grain...\"/move Jacob 0 -2 3/playSound cluck/pause 500/move chicken7 4 0 1 true/move chicken6 0 4 2 true/move chicken16 0 -4 0 true/playSound cluck/playSound cluck/pause 2000/speak Jacob \"Now you need to circle around...\"/fade/viewport -100 -100/speak Jacob \"Phew, I think that's all of them now... Let's get these girls home.\"/playSound busDriveOff/changeLocation EastScarpe/warp Jacob 31 35/warp farmer 30 35/faceDirection farmer 1/viewport 32 35/pause 500/speak Jacob \"Thanks for that, @. I couldn't have done it without you.#$b#Here...\"/playSound purchase/money 500/speak Jacob \"Buy yourself something nice for lunch.\"/emote Jacob 60/pause 500/speak Jacob \"Anyway, I better get these girls settled in. You're welcome to drop by and visit them, @.\"/emote farmer 32/pause 1000/end",
				"NoHelpJacob": "pause 500/speak Jacob \"Okay, well, I'd best be going.#$b#Have a good day.\"/pause 500/faceDirection Jacob 0/move Jacob 0 -3 3/pause 1000/end"
			},
			//	"57870007/d Mon Tue Wed Thu Fri Sat/p Jacob/a 26 13/t 1000 1200/w sunny": "{{season}}_day_ambient/27 10/Jacob 25 9 0 farmer 26 13 0/ "
		},
		{
			"Action": "EditData",
			"Target": "Data/Events/VetHouse",
			"Entries": {
				//Eloise's 4 heart event
				"57870005/f Eloise 1000/p Eloise": "breezy/26 20/Eloise 30 24 2 farmer 27 18 2/skippable/animate Eloise false true 240 27 27 27 24 25 26 24 25 26 27/pause 1000/move farmer 0 1 2/pause 500/doAction 27 20/playSound doorOpen/stopAnimation Eloise 0/move farmer 0 3 1/faceDirection Eloise 0/speak Eloise \"Oh, hi farmer @!\"/move farmer 2 0 2/move farmer 0 1 2/faceDirection Eloise 3/emote farmer 8/pause 1000/speak Eloise \"Oh, I'm writing a letter to my friend. His name's Sora.\"/pause 500/emote farmer 16/speak Eloise \"Yes, he lives in Gotoro. In a big city.\"/faceDirection Eloise 0/speak Eloise \"Did Dad ever tell you? He and Mom lived there when I was born.$3#$b#My mom and Sora's mom were real good friends. He and I were kids together.#$b#Only I don't remember it. I was too little.$2#$b#Then Mom got sick, and Dad said we had to come home.$2\"/pause 500/faceDirection Eloise 3/textAboveHead Eloise \"She died.\"/emote farmer 28/pause 500/speak Eloise \"But Dad kept writing to Sora's mom.#$b#Her name's Hana. And after a bit, Sora started writing to me too.#$b#So now we're penfriends!$1\"/emote farmer 40/question fork0 \"...#You shouldn't be writing to the enemy!#Is he doing okay?\"/fork SoraEnemy/pause 500/emote Eloise 40/speak Eloise \"I dunno... he says it's okay... but sometimes he has to sleep in the basement, and he's scared of the dark.$2\"/faceDirection Eloise 1/emote Eloise 40/pause 500/faceDirection Eloise 3/speak Eloise \"I wish he could come here and live with us. But he won't leave his family behind.$2\"/pause 500/speak Eloise \"Anyhow, is it all right if I tell him about you?$3#$b#He says stories about the people in the valley make him smile.$1\"/pause 500/emote farmer 56/pause 1000/speak Eloise \"What do you want me to write?\"/emote farmer 40/pause 1000/end",
				"SoraEnemy": "pause 500/emote Eloise 12/speak Eloise \"Sora's not the enemy! He's just a kid like me!$2\"/pause 500/faceDirection Eloise 1/speak Eloise \"I don't want to talk to you anymore. Please leave.$2\"/emote farmer 28/pause 500/move farmer 0 -2 3/end",
				"57870010/f Eloise 1000/f Jacob 1500/t 1800 2100":"breezy/25 20/Eloise 33 23 3 Jacob 32 23 1 farmer 21 14 1/skippable/pause 500/move farmer 6 0 2 true/speak Jacob \"... Delilah seemed so calm throughout the surgery.#$b#It was only afterwards, when we were cleaning up, that I realized how shaken she was.\"/speak Eloise \"And the horse lived, right?$3\"/speak Jacob \"Oh yes, he made a full recovery.#$b#He never raced again, but he went on to spend his life in the country giving rides to delighted children, like yourself.\"/pause 500/emote Eloise 20/speak Jacob \"Anyway, good night bufflehead. Time to sleep.\"/pause 500/speak Eloise \"Good night Dad. Love you.\"/speak Jacob \"Love you too.\"/pause 500/faceDirection Eloise 3/showFrame Eloise 21/pause 500/emote Jacob 20/pause 1000/stopMusic/move Jacob -3 0 0/move Jacob 0 -2 3/move Jacob -2 0 0/doAction 27 20/playSound doorOpen/move Jacob 0 -4 0/speak Jacob \"Ah, good evening @. I didn't expect to see you at this hour. Is everything all right?\"/move Jacob 0 -2 0/move farmer 1 0 3/move Jacob 0 -1 1/emote farmer 32/speak Jacob \"That's good. So ... why are you here?\"/question fork0 \"...#I just dropped by to see how you were.#No particular reason. I should probably go.\"/fork JacobWife/pause 500/speak Jacob \"Oh, very well. Have a good evening.\"/move Jacob 0 1 0/move farmer -5 0 3/pause 500/end",
				"JacobWife":"pause 500/speak Jacob \"Oh! Thanks for your concern, @.#$b#I'm fine. Just a bit tired. It's hard... running a business... and raising a daughter alone.$2\"/pause 500/emote Jacob 40/faceDirection Jacob 2/pause 500/faceDirection Jacob 1/speak Jacob \"Everything's fine at the moment. But since Del died... well, it's been like a part of me is missing.\"/pause 500/playMusic musicboxsong/speak Jacob \"We were partners - soul mates - in every sense of the word.#$b#I tell Eloise stories about Del every night, try to keep her alive in our memories.#$b#But Eloise was only a little girl...\"/pause 500/faceDirection Jacob 2/pause 1000/faceDirection Jacob 1/emote Jacob 40/pause 2000/speak Jacob \"I watch her growing up, and it's as though I'm one half of a whole... what if I'm not enough?\"/pause 500/quickQuestion #You're more than enough, you're awesome!#Hey, it's not like you're in this alone!#You're right, you'll never be enough. A girl needs her mother.#Have you considered finding another partner?(break)speak Jacob \"Thanks for your faith, @. Your support means a lot to me.$1\"(break)speak Jacob \"Oh, you're right of course. They do say it takes a village... and Eloise certainly has no shortage of friends!$1#$b#Penny's an excellent teacher and Marnie's a great support.\"(break)speak Jacob \"...#$b#You're right, of course. A girl does need her mother... but there's not much I can do about that, is there?$2\"(break)speak Jacob \"For my business? I've thought about taking on an assistant, to help with the workload...#$b#Not an assistant? A ... romantic partner? No... I couldn't...#$b#It wouldn't be fair on them.$2\"/pause 500/speak Jacob \"Honestly, @, I know we will be fine... that these are just normal solo father fears.#$b#Eloise is intelligent - and forthright enough that I'm sure she'll get wherever she wants to go in life.\"/pause 500/faceDirection Jacob 2/emote Jacob 20/pause 1000/faceDirection Jacob 1/speak Jacob \"Thanks for indulging my self-doubt, @. Now, since you're here, would you like a cup of cocoa?\"/pause 500/emote farmer 32/move Jacob 0 -1 1/faceDirection farmer 0/move Jacob 3 0 1/faceDirection farmer 1/pause 500/end",
			}
		},
		{
			"Action": "EditData",
			"Target": "Data/Events/ArchaeologyHouse",
			"Entries": {
				"57870008/d Mon Thu Sat Sun/p Eloise/p Leo": "libraryTheme/-100 -100/Leo 18 12 0 Eloise 9 14 1 Penny 17 9 2 Jas 19 10 3 Vincent 16 10 1 farmer 3 10 0 Gunther 3 8 2/skippable/showFrame Jas 22/showFrame Vincent 24/showFrame Penny 18/showFrame Leo 24/viewport 17 12/move Eloise 3 0 0/move Eloise 0 -2 1/move Eloise 1 0 1/pause 500/emote Eloise 16/jump Eloise 5/speed Eloise 5/move Eloise 3 0 1/textAboveHead Eloise \"Who are you?\"/pause 500/showFrame Leo 8/faceDirection Leo 3/pause 500/speak Eloise \"That's my seat!$3\"/pause 500/speak Leo \"I'm Leo. I'm sorry, I didn't mean to take your seat.$2\"/emote Eloise 40/pause 2000/speak Eloise \"Oh, that's okay. I don't mind sitting next to Vinny.$1\"/faceDirection Vincent 2/faceDirection Eloise 0/emote Eloise 32/pause 500/move Eloise 1 0 1/speak Eloise \"I like your clothes... Do you collect feathers too?$3\"/pause 500/speak Leo \"They were gifts... from my... my bird family.\"/jump Eloise 3/speak Eloise \"Your bird family? You have a bird family? Like pets? What species? Were they parrots? Those look like parrot feathers!$3\"/emote Leo 60/pause 1000/speak Leo \"Not pets... like friends... family...$2\"/pause 500/faceDirection Leo 0/emote Leo 40/pause 1000/showFrame Penny 0/speak Penny \"I know you've got lots of questions for Leo, Eloise. But it would be a good idea to save them for later.\"/speak Jas \"Leo's shy. And you're scaring him.$4\"/textAboveHead Eloise \"Oh...\"/pause 500/speak Eloise \"I'm sorry, Leo. I didn't mean to scare you...$2#$b#I'm just excited and I really, really love birds. Can we be friends?$3\"/faceDirection Leo 3/emote Leo 32/speak Leo \"I would like to be friends, yes. Would you like to meet some of my bird family?$3\"/speak Eloise \"I'd love that.$1#$b#And I promise I won't ask too many questions, okay?\"/faceDirection Eloise 0/pause 1000/speak Eloise \"I can be quiet, honest!\"/pause 500/speak Leo \"It's okay. My bird family, they can be pretty noisy too.$1\"/faceDirection Eloise 1 true/faceDirection Leo 3 true/emote Eloise 32 true/emote Leo 32 true/pause 1000/speak Penny \"Excuse me children, but it's time for today's lesson...\"/faceDirection Eloise 0 true/faceDirection Leo 0 true/faceDirection Vincent 3 true/pause 1000/showFrame Leo 24/showFrame Eloise 16/showFrame Vincent 24/pause 1000/speak Penny \"Today we're going to learn a little about...\"/viewport move -2 0 1000 true/pause 2000/end"
			}
		},
		{
			"Action": "EditData",
			"Target": "Data/Events/ArchaeologyHouse",
			"Entries": {
				"57870009/d Mon Thu Sat Sun/k 57870008/p Eloise/p Cecily": "libraryTheme/-100 -100/Cecily 18 12 0 Eloise 9 14 1 Penny 17 9 2 Jas 19 10 3 Vincent 16 10 1 farmer 3 10 0 Gunther 3 8 2/skippable/showFrame Jas 22/showFrame Vincent 24/showFrame Penny 18/showFrame Cecily 17/viewport 17 12/move Eloise 3 0 0/move Eloise 0 -2 1/move Eloise 1 0 1/pause 500/emote Eloise 16/jump Eloise 5/speed Eloise 5/move Eloise 3 0 1/textAboveHead Eloise \"Who are you?\"/pause 500/showFrame Cecily 8/faceDirection Cecily 3/pause 500/speak Eloise \"That's my seat!$3\"/pause 500/speak Cecily \"I'm Cecily. Gunther's my dad, and I live with him now.#$b#Sorry if I took your seat. I didn't know there were other kids here.$2\"/emote Eloise 40/pause 2000/speak Eloise \"That's okay. I don't mind sitting next to Vinny.$1\"/faceDirection Vincent 2/faceDirection Eloise 0/emote Eloise 32/pause 500/move Eloise 1 0 1/speak Eloise \"But aren't you a bit big for middle school?$3\"/pause 500/emote Cecily 12/pause 500/speak Penny \"Excuse me girls, but it's time for today's lesson...\"/faceDirection Eloise 0 true/faceDirection Cecily 0 true/faceDirection Vincent 3 true/pause 1000/showFrame Cecily 17/showFrame Eloise 16/showFrame Vincent 24/pause 1000/speak Penny \"Today we're going to learn a little about...\"/viewport move -2 0 1000 true/pause 2000/end"
			},
			"When": {
				"HasMod": "Wolf.Gun"
			}
		},
		{
			"LogName": "Places cushion for Eloise",
			"Action": "EditMap",
			"Target": "Maps/ArchaeologyHouse",
			"MapTiles": [
				{
					"Position": {
						"X": 17,
						"Y": 12
					},
					"Layer": "Back",
					"SetTileSheet": "untitled tile sheet",
					"SetIndex": "508"
				}
			],
			"When": {
				"HasSeenEvent": "6497428, 57870009"
			
			}
		},
		{
			"Action": "EditData",
			"Target": "Characters/schedules/Eloise",
			"Entries": {
				"Tue": "630 VetHouse 30 14 1/700 EastScarpe 42 40 2/730 Town 100 95 1 \"Strings\\schedules\\Eloise:schoolday.000\"/1000 ArchaeologyHouse 17 12 0 Eloise_kneel/1400 Town 88 103 2/1620 Town 17 91 0/1750 AnimalShop 6 5 0 Eloise_read",
				"Wed": "630 VetHouse 30 14 1/700 EastScarpe 42 40 2/730 Town 100 95 1 \"Strings\\schedules\\Eloise:schoolday.001\"/1000 ArchaeologyHouse 17 12 0 Eloise_kneel/1400 Town 88 103 2/1640 EastScarpe 19 68 1/1800 VetHouse 24 15 0/2100 VetHouse 33 23 2"
			},
			"When": {
				"HasSeenEvent": "6497428, 57870009"
			
			}
		},
		{
			"Action": "EditData",
			"Target": "Data/Events/Town",
			"Entries": {
				//Jacob 4-heart event with Clint
				"57870006/f Jacob 1000/f Clint 1000/t 1800 2200/w sunny": "nightTime/91 83/Jacob 93 82 1 Clint 94 82 3 farmer 85 89 1/skippable/pause 500/speak Clint \"...look, I just don't want to, okay. Why are you even here?$2#$b#Aren't there animals or something that are more worthy of your attention?$3\"/faceDirection Clint 0/emote Clint 12/pause 500/warp Clint -1000 -1000/playSound doorClose/emote Jacob 60/pause 1000/pause 1000/move Jacob 1 0 0/emote Jacob 40/pause 2000/textAboveHead Jacob \"I'm sorry...\"/pause 1000/faceDirection Jacob 2/move Jacob -1 0 2/move Jacob 0 7 2 true/viewport move 0 2 1000 true/move farmer 7 0 1 true/pause 4000/faceDirection Jacob 3/jump Jacob 5/speak Jacob \"Oh, you startled me, @.\"/quickQuestion #What was that about?#Sorry to startle you.#Pleasant evening, isn't it?\"(break)speak Jacob \"Oh... you heard? Just family business.$2\"(break)speak Jacob \"Oh, it's fine... I guess I'm just a bit jumpy tonight.$2\"(break)speak Jacob \"Um yes, I suppose... I hadn't really noticed.$2\"/pause 500/emote Jacob 40/emote farmer 8/pause 1000/speak Jacob \"Anyhow, I shouldn't keep you. Best be going. Animals to tend to...$2#$b#Take care, @.\"/speed Jacob 2/move Jacob 0 5 1 true/faceDirection farmer 2/emote farmer 8/pause 1000/end"
			},
			"When": {
				"HasMod |contains=aeki.ByeByeClintHelloClarice": false
			}
		}
	]
}