{
    "Changes": [
        {
            "LogName": "FirstChild schedules",
            "Action": "EditData",
            "Target": "Characters/schedules/{{Loe2run.ChildToNPC/FirstChildName}}",
            "Entries": {
                "winter_15": "850 BusStop 4 22 3 \"Strings\\schedules\\Jasper:kid1_nm1\"/930 Town 14 16 1 \"Strings\\schedules\\Jasper:kid1_To1\"/1150 Town 15 18 2/1200 ArchaeologyHouse 5 10 0 \"Strings\\schedules\\Jasper:kid1_Ar1\"/1600 Beach 39 24 2 \"Strings\\schedules\\Jasper:kid1_nm2\"/1800 BusStop -1 23 3",
                "winter_16": null,
		"Mon": "850 BusStop 4 22 3 \"Strings\\schedules\\Jasper:kid1_nm1\"/930 Town 14 16 3 \"Strings\\schedules\\Jasper:kid1_To1\"/1200 Beach 47 24 square_4_2/1600 ArchaeologyHouse 1 12 1 child_sit/2000 BusStop -1 23 3",
                "Tue": "700 Town 98 92 3/1030 ArchaeologyHouse 19 12 3/1400 Town 83 98 3/1620 Town 17 90 3/1740 SamHouse 3 5 2/2000 SamHouse 9 22 1 child_sleep",
                "Wed": "700 Town 98 92 3 \"Strings\\schedules\\Jasper:kid1_school2\"/1030 ArchaeologyHouse 19 12 3/1400 Town 83 98 3/1620 Town 88 103 2/1830 BusStop -1 23 3",
                "Thu": null,
                "Fri": "700 Town 98 92 3 \"Strings\\schedules\\Jasper:kid1_school1\"/1030 ArchaeologyHouse 19 12 3/1400 Town 83 98 3/1620 Town 17 90 3/1740 SamHouse 3 5 2/1930 BusStop -1 23 3",
                "Sat": null,
                "Sun": null
            }
        },
        { //Winter Market
            "Action": "EditData",
            "Target": "Characters/schedules/Jasper",
            "Entries": {
                "marriage_Mon": "850 BusStop 3 22 1 \"Strings\\schedules\\Jasper:marriage_kinm1\"/930 Town 15 14 2 \"Strings\\schedules\\Jasper:marriage_{{Random:ki1, ki2, ki3}}\"/1200 Beach 45 22 2 \"Strings\\schedules\\Jasper:marriage_Be1\"/1600 ArchaeologyHouse 2 10 0 \"Strings\\schedules\\Jasper:marriage_AH1\"/2000 BusStop -1 23 3",
                "marriage_Wed": "MAIL Jasper_Penny/GOTO marriage_Wed_NoTute/700 Town 97 92 1/1030 ArchaeologyHouse 18 9 2 \"Strings\\schedules\\Jasper:marriage_AM1\"/1400 ArchaelogyHouse 4 10 0\"/1550 Town 83 97 3/1620 Town 87 103 2/1830 BusStop -1 23 3/1930 BusStop -1 23 3",
                "marriage_Wed_NoTute": "700 Town 97 92 1/1030 Forest 75 50 2 \"Strings\\schedules\\Jasper:marriage_For2\"/1430 ArchaeologyHouse 4 10 0 \"Strings\\schedules\\Jasper:marriage_AH2\"/1550 Town 83 97 3/1620 Town 87 103 2/1830 BusStop -1 23 3/2030 BusStop -1 23 3",
                "marriage_Fri": "MAIL Dwarf_Friend/GOTO marriage_Fri_NoDwarf/700 Town 97 92 1/1000 Mountain 45 8 1/1300 Mine 42 7 1 \"Strings\\schedules\\Jasper:marriage_Dw1\"/1600 SamHouse 4 5 3/1930 BusStop -1 23 3",
                "marriage_Fri_NoDwarf": "700 Town 97 92 1/1000 Mountain 45 8 1/1300 AdventureGuild 7 12 3 \"Strings\\schedules\\Jasper:marriage_Adv1\"/1600 SamHouse 4 5 3/1930 BusStop -1 23 3"
            }
        },
        { //Winter Market
            "Action": "EditData",
            "Target": "Characters/schedules/Jasper",
            "Entries": {
                "marriage_Mon": "850 BusStop 3 22 1 \"Strings\\schedules\\Jasper:marriage_kinm1\"/930 Town 15 14 2 \"Strings\\schedules\\Jasper:marriage_{{Random:ki1, ki2, ki3}}\"/1200 ArchaeologyHouse 4 10 0 \"Strings\\schedules\\Jasper:marriage_{{Random:ki4, ki5, ki6}}\"/1600 Beach 38 24 2 \"Strings\\schedules\\Jasper:marriage_kinm2\"/1800 BusStop -1 23 3"
            },
            "When": {
                "Season": "Winter",
                "Day": "15"
            }
        },
        {
            "Action": "Include",
            "FromFile": "assets/Jasper/CommunityCenter.json",
            "When": {
                "HasMod": "LemurKat.CommunityCenter.CP",
                "CommunityCenterSchool": true,
                "HasSeenEvent": "191393"
            }
        },
    ]
}