{
    "Format": "1.17",
    "Changes": [
        {
            "Action": "EditData",
            "Target": "Data/Events/Farm",
            "Entries": {
                "57871007/k 5599200/f {{Loe2run.ChildToNPC/FirstChildName}} 5": "continue/-100 -100/farmer -1000 -1000 0 {{Loe2run.ChildToNPC/FirstChildName}} -1000 -1000 0/pause 50/speak {{Loe2run.ChildToNPC/FirstChildName}} \"Papa?^Mama?\"/end"
            }
        },
        {
            "Action": "EditData",
            "Target": "Data/Events/Farm",
            "Entries": {
                "57871008/k 5599300/f {{Loe2run.ChildToNPC/SecondChildName}} 5": "continue/-100 -100/farmer -1000 -1000 0 {{Loe2run.ChildToNPC/SecondChildName}} -1000 -1000 0/pause 50/speak {{Loe2run.ChildToNPC/SecondChildName}} \"Papa?^Mama?\"/end"
            }
        },
        {   //First child
            "Action": "EditData",
            "Target": "Data/Events/ArchaeologyHouse",
            "Entries": {
                "57871009/e 57871007/d Mon Thu Sat Sun/p Eloise/p {{Loe2run.ChildToNPC/FirstChildName}}": "libraryTheme/-100 -100/{{Loe2run.ChildToNPC/FirstChildName}} 18 12 0 Eloise 9 14 1 Penny 17 9 2 Jas 19 10 3 Vincent 16 10 1 farmer 3 10 0 Gunther 3 8 2/skippable/showFrame Jas 22/showFrame Vincent 24/showFrame Penny 18/viewport 17 12/move Eloise 3 0 0/move Eloise 0 -2 1/move Eloise 1 0 1/pause 500/emote Eloise 16/jump Eloise 5/speed Eloise 5/move Eloise 3 0 1/textAboveHead Eloise \"Oh wow, another kid!\"/pause 500/showFrame {{Loe2run.ChildToNPC/FirstChildName}} 8/faceDirection {{Loe2run.ChildToNPC/FirstChildName}} 3/pause 500/speak Eloise \"Who are you?$3\"/pause 500/speak {{Loe2run.ChildToNPC/FirstChildName}} \"Hi. I'm {{Loe2run.ChildToNPC/FirstChildName}}. Did I take your seat?#$b#I'm sorry.$2\"/emote Eloise 40/pause 2000/speak Eloise \"That's okay. I don't mind sitting next to Vinny.$1\"/faceDirection Vincent 2/faceDirection Eloise 0/emote Eloise 32/pause 500/move Eloise 1 0 1/speak Eloise \"So, {{Loe2run.ChildToNPC/FirstChildName}}. Do you like birds?\"/pause 500/emote {{Loe2run.ChildToNPC/FirstChildName}} 12/pause 500/speak Penny \"Excuse me children, it's time for today's lesson...\"/faceDirection Eloise 0 true/faceDirection {{Loe2run.ChildToNPC/FirstChildName}} 0 true/faceDirection Vincent 3 true/pause 1000/showFrame Eloise 16/showFrame Vincent 24/pause 1000/speak Penny \"Today we're going to learn a little about...\"/viewport move -2 0 1000 true/pause 2000/end",
            }
        },
        {   //second child
            "Action": "EditData",
            "Target": "Data/Events/ArchaeologyHouse",
            "Entries": {
                "57871010/e 57871008/d Mon Thu Sat Sun/p Eloise/p {{Loe2run.ChildToNPC/SecondChildName}}": "libraryTheme/-100 -100/{{Loe2run.ChildToNPC/FirstChildName}} 18 12 0 {{Loe2run.ChildToNPC/SecondChildName}} 7 12 0 Eloise 9 14 1 Penny 17 9 2 Jas 19 10 3 Vincent 16 10 1 farmer 3 10 0 Gunther 3 8 2/skippable/showFrame Jas 22/showFrame Vincent 24/showFrame Penny 18/viewport 17 12/move Eloise 3 0 0/move Eloise 0 -2 1/move Eloise 1 0 1/pause 500/emote Eloise 16/jump Eloise 5/speed Eloise 5/move Eloise 3 0 1/textAboveHead Eloise \"Oh wow, another kid!\"/pause 500/showFrame {{Loe2run.ChildToNPC/SecondChildName}} 8/faceDirection {{Loe2run.ChildToNPC/SecondChildName}} 3/pause 500/speak Eloise \"Who are you?$3\"/pause 500/speak {{Loe2run.ChildToNPC/SecondChildName}} \"Hi. I'm {{Loe2run.ChildToNPC/SecondChildName}}. Did I take your seat?#$b#I'm sorry.$2\"/emote Eloise 40/pause 2000/speak Eloise \"Okay... Well, I suppose I'll sit closer to Vinny then.$1#$b#It's getting real crowded in here... We're going to need a bigger table.$3\"/faceDirection Vincent 2/faceDirection Eloise 0/emote Eloise 32/pause 500/faceDirection Eloise 1/speak Eloise \"So, {{Loe2run.ChildToNPC/SecondChildName}}. Do you like birds?\"/pause 500/emote {{Loe2run.ChildToNPC/SecondChildName}} 12/pause 500/speak Penny \"Excuse me children, it's time for today's lesson...\"/faceDirection Eloise 0 true/faceDirection {{Loe2run.ChildToNPC/SecondChildName}} 0 true/faceDirection Vincent 3 true/pause 1000/showFrame Eloise 16/showFrame Vincent 24/pause 1000/speak Penny \"Today we're going to learn a little about...\"/viewport move -2 0 1000 true/pause 2000/end"
            }
        },
        {
            "LogName": "Places cushion for Eloise",
            "Action": "EditMap",
            "Target": "Maps/ArchaeologyHouse",
            "MapTiles": [
                {
                    "Position": {
                        "X": 16,
                        "Y": 12
                    },
                    "Layer": "Back",
                    "SetTileSheet": "untitled tile sheet",
                    "SetIndex": "508"
                }
            ],
            "When": {
                "HasSeenEvent": "57870010"
            }
        },
        {
            "Action": "EditData",
            "Target": "Characters/schedules/Eloise",
            "Entries": {
                "Tue": "630 VetHouse 30 14 1/700 EastScarpe 42 40 2/730 Town 100 95 1 \"Strings\\schedules\\Eloise:schoolday.000\"/1000 ArchaeologyHouse 16 12 0 Eloise_kneel/1400 Town 88 103 2/1620 Town 17 91 0/1750 AnimalShop 6 5 0 Eloise_read",
                "Wed": "630 VetHouse 30 14 1/700 EastScarpe 42 40 2/730 Town 100 95 1 \"Strings\\schedules\\Eloise:schoolday.001\"/1000 ArchaeologyHouse 16 12 0 Eloise_kneel/1400 Town 88 103 2/1640 EastScarpe 19 68 1/1800 VetHouse 24 15 0/2100 VetHouse 33 23 2"
            },
            "When": {
                "HasSeenEvent": "57871008",
                "HasSeenEvent |contains=5599300": false
            }
        },
    ]
}